Entity,Frequency
Atlas,2
Acciona,2
Hoya,2
bitFlyer,2
Compass Group,2
Tsuchiya,2
Yanmar,2
McDonald's,2
Guntner,2
Oaktree Capital,2
KKR (Kohlberg Kravis Roberts),2
Auto & General,2
Zensho,2
ABS,2
Tim Hortons,2
Fosun,2
Ritz-Carlton,2
Getinge,2
MAIF,2
Parker Hannifin,2
Leica,2
Thomson,2
IGIS,2
Coca-Cola,2
ZPMC,2
Elizabeth Arden,2
Singha,2
Kobelco,2
William Grant & Sons,2
Carrier,2
Rockwell Automation,2
CEVA Logistics,2
Saison,2
Odfjell,2
Alliance One International,2
JustCo,2
Airtrunk,2
LGT,2
Resonac,2
Yang Ming,2
Pratt & Whitney,2
TCL,2
Mitsubishi Heavy Industries,2
Telenor,2
Swiss Life,2
Interpublic Group,2
Portcullis,2
Air Liquide,2
Citadel Securities,2
M&G,2
Marubeni,2
BW Offshore,2
Autobacs,2
Matsui,2
Amorepacific,2
Marmon,2
PSA,2
Stolt-Nielsen,2
Konica Minolta,2
Keppel Corporation,2
Blackstone/BCP,2
Johnson Matthey,1
Coca-Cola/Nestle,1
Adani,1
JGC Corporation,1
Toyo Seikan,1
K.I.T. Group,1
Eaton/UPS,1
George P. Johnson,1
Ernst Russ,1
Nohara Group,1
Riello UPS,1
China Reinsurance,1
Princeton Advisory,1
West of England,1
Red Eye Management,1
Ultrapure & Industrial Services,1
Techwing,1
Hexamine,1
Korea Exchange,1
Macnica,1
Asia Pacific Wire & Cable,1
OQ (Oman Oil Company),1
CME Group,1
JET Semi-Con,1
Lindt & Sprungli,1
China Hospital Corporation,1
Mars,1
Tenox,1
China Jingye,1
Hirose,1
NOR1,1
Blended,1
Tohoku Electric Power,1
BNA,1
Jiaxing Gas Group,1
SWCC,1
TWP,1
R&A Group,1
Gapuma,1
Giftify,1
United Creation,1
Sichuan Industrial,1
Dassault,1
Total,1
Harimic,1
Federal Tank Liner,1
Waiko International,1
Fossil Group,1
PMI/Petrolos Espana,1
Putnam Investments,1
Sapura Offshore,1
Kanadevia,1
Marine Star,1
E1 Corporation,1
TB Marine,1
Carl Karcher Enterprises,1
AACO,1
Siltronic,1
Toli Corporation,1
Ines Corporation,1
Intermetro Industries,1
NTTF,1
Gigaphoton,1
C. Melchers,1
Paltek,1
DB Engineering & Consulting,1
Wuhan Railway Technical Service,1
Azbil,1
ETS-Lindgren,1
China Railway Engineering Equipment Group,1
Johnson Suisse,1
PSK,1
Precipia Systems,1
Belimo,1
Sanko Progress Mabis,1
Global Tote,1
Separation Solutions Enterprises,1
Uniquest,1
Air Cruisers,1
G-Xchange,1
Bundesliga,1
Druk Air,1
China Tianchen,1
AFP,1
Mueller,1
ARRK,1
Aircraft Recycling International,1
Sapphire Minmetals,1
Air Premia,1
Seian,1
Pola,1
Studio City,1
DFIC,1
Saacke,1
Mercuria,1
Ritag,1
Baldwin Boyle,1
Suzhou Industrial Park,1
Mihama,1
"Levi, Ray & Shoup",1
ENEOS,1
MT Cosmetics,1
Nikon,1
Sinohydro,1
Taiyo Kogyo,1
Cerdia,1
Qingdao Ruiyuan,1
Koenig & Bauer,1
UMC,1
First Sponsor Group,1
Thor Specialties,1
UATP,1
Ed. Zublin,1
Sperry Associates,1
Hisamitsu Pharmaceutical,1
OYO,1
Temot,1
Astomos Energy,1
Techcross,1
Infraegis,1
Korea Venture Investment,1
Surface Solutions,1
Hyosung,1
Infospectrum,1
Dow Chemical,1
GE,1
Extra Space Storage,1
Hanil Fuji,1
ICL,1
IDEC,1
Metro Pacific Tollways,1
Geodis,1
Apollo Tyres,1
Charles & Keith,1
China Minmetals,1
Vinomofo,1
Nanshan Group,1
A.P. Morling,1
Norma Group,1
Wadatsumi,1
Carlon Shipping,1
National Pension Service,1
Lightsource BP,1
Glovis,1
Versant,1
Saab,1
FTSE,1
Taiyo Chikuro,1
Wilmar,1
Clestra,1
Le Cordon Bleu,1
Yushi-Seihin,1
Milli Re,1
Weigao,1
Mandom,1
Cromwell,1
AB InBev,1
Zhongke Chengtou,1
FESCO,1
CEFC,1
LS Cable & System,1
Brintons,1
5 Hour Energy,1
Temasek,1
Crown-Package,1
MSC (Mediterranean Shipping Company),1
Life Insurance Corporation of India,1
Ernst & Young (EY),1
Anantara Hotels and Resorts,1
Idemitsu Kosan,1
Royalturbo,1
Velox,1
Helvetia,1
Everest Re,1
TW Chemical,1
GLEIF,1
Trapeze Group,1
Kempston Group,1
Leemax,1
Development Advance Solution,1
First Sentier Investors,1
Hainan Rubber Group,1
Faymonville Group,1
AOGB,1
PT. Adam Skyconnection Airlines,1
SKC,1
Karuizawa Distillers,1
Timezone,1
N2 Tankers,1
FTDI,1
Squarepoint Capital,1
BG Group,1
Marken,1
SIPH,1
Hiventy,1
Cyberlinks,1
Incapital,1
Atlantic Partners,1
Lori Group,1
Nissei Plastic Industrial,1
CEVA,1
Soochow Securities,1
Ningbo Grayscale Network Technology,1
Wadatsumi Capital,1
Rock Marketing,1
Chemlube,1
Ilyang ENC,1
Hyojin,1
Zhiheng Technology,1
Flores Sky Airlines,1
NYK Line,1
Noonans Mayfair,1
TriOptima,1
China Aviation Oil,1
Yamada Consulting Group,1
SEMES,1
UnionPay,1
Stichd,1
Daikin,1
Yantai Port Group,1
Hiroshima Gas,1
Zeni Lite Buoy,1
Sahlholt,1
LanguageOne,1
Unigra,1
Tangshan Baichuan,1
Mondelez,1
Torstone Technology,1
Droit Public,1
Pumyang,1
Bartronics India,1
Luye Group,1
CGN Energy,1
The Coffee Club,1
Regal Cream Products,1
Multiford,1
Nitta,1
Boot,1
MAS Holdings,1
GCF,1
Eggs 'n Things,1
S&P Global,1
Trident Trust,1
Kunhwa,1
Japan Ship Owners' Mutual P&I,1
Brady Corporation,1
Phinia Delphi,1
Cisco/Certis,1
Utmost,1
Galena,1
Unigloves,1
Serimax,1
Element14,1
Tyko,1
Smiths Group,1
American Eye Center,1
Manipal,1
Holmen,1
Haier,1
Hwacheon,1
Poltrona Frau,1
Supor,1
Guosen,1
LBE Mobi,1
SoftServe,1
Burkert,1
Stora Enso,1
Tajima,1
Amano,1
Fujifilm,1
Noni,1
Nordson,1
Bibby,1
Reed & Mackay,1
ACI Ventilatoren,1
Spectrum Brands,1
Junior Achievement,1
Flakt Group,1
Macroblock,1
Vorwerk,1
Pandora,1
Yardi Systems,1
Dalberg Global Development Advisors,1
Bordier & Cie,1
Cox and Kings,1
Aberdeen,1
CCIC,1
Tarsus Group,1
Polestar,1
Saint-Gobain,1
Qingyuan Lithium,1
Furukawa Electric,1
Farinia Group,1
Zingametall,1
ABB Group,1
Cosentino,1
II-VI Incorporated,1
Opportunity International,1
Furama,1
Ekamant,1
M&G Stationery,1
KV2 Audio,1
SECOM,1
TPG,1
BMW,1
Megagen,1
Xylem,1
Internap,1
Dabuwawa,1
Yaham,1
Yanlord,1
Fuji,1
MacDermid,1
AmpControl,1
DSC,1
Merall,1
Revox,1
Huttons,1
Oskar Wehr,1
Special Olympics International,1
Shiroka,1
GEOS,1
MAN SE,1
Sanpower Group,1
Acrel,1
LJ Global,1
Wehrle,1
Ince & Co,1
Air Charter Service,1
Plisch,1
CRRC,1
Harada,1
Global-E,1
SK Energy,1
Digi Telecommunications,1
Ricoh,1
Saybolt,1
Genesis,1
UD Trucks,1
MICA Group,1
Japan Real Estate Institute,1
Delano,1
Bang & Olufsen,1
ASM,1
Gerhardt,1
Wittmann Battenfeld,1
Lufthansa Consulting,1
Moncler,1
OMD,1
Häfele,1
Vitablend,1
Coventya,1
Meier,1
Helukabel,1
BenQ,1
Clemenger,1
MKS Instruments,1
FA Premier League,1
Tymphany,1
M. Chapoutier,1
Ringspann,1
Sumitomo Electric,1
Logwin,1
Energizer,1
Knauf,1
Tessenderlo Group,1
Rapid7,1
Hoover,1
Great-West,1
Excelerate Energy,1
Wasco,1
Davidson,1
Glovia,1
Davies Collison Cave,1
Saipem,1
M-Brain,1
Bellinzoni,1
GP Batteries,1
Advantest,1
Melco,1
RFMW,1
BK,1
Pierre Fabre,1
Piabo,1
Romer Labs,1
Edelman,1
IC Frith,1
PineBridge Investments,1
A-Gas,1
Soleseat,1
GT NuWater,1
Geberit,1
Cornerstone,1
Transfar,1
CADFEM,1
Leadtek,1
WHA,1
Euronav,1
Erowa,1
Swiss FTS,1
CSPC,1
Ediya Coffee,1
CMA,1
Tyco Electronics,1
Yusen Logistics,1
Viventis,1
CASS Information Systems,1
Nitto Denko,1
Huegli,1
Yamaichi Seiko,1
Ashley & Martin,1
Elero,1
Solum,1
Callison RTKL,1
SEMI,1
Uptale,1
JSSL,1
Haribo,1
Kraton,1
Livent,1
CSSC,1
ANA,1
Brakel,1
Indeed,1
Yokohama Rubber,1
Bayard,1
Eppendorf,1
Axon Enterprise,1
Sage,1
BSH,1
Kolmar,1
XI ES,1
Thousand Islands Electronics,1
Zhonghua Baijiu,1
Mitsubishi Chemical,1
Shanghai Everbright,1
Kitagawa,1
Rosgazneft,1
Shen Milsom & Wilke,1
Swanson Plastics,1
Trelleborg,1
Hermetic-Pumps,1
Aspria,1
Intco Medical,1
Haitong Securities,1
Showa Electric,1
Hinomi,1
Caudalie,1
Licht,1
Keech Furnace,1
Dalmec,1
Seafrigo,1
Ellab,1
Schlöter,1
Stauff,1
NYK,1
Babor,1
Multi-Fineline Electronix,1
Heron Heavylift,1
Tasman Environmental,1
Phylion,1
Vdoo,1
Enel,1
Bausch & Lomb,1
Filmtec,1
Control Union,1
Dolce & Gabbana,1
Thermax,1
Isetan,1
Quiksilver,1
JBT Corporation,1
McLaren,1
Spring Professional / LHH,1
Cboe Global Markets,1
Gulf Marine Services,1
Rakuten,1
Saint Laurent,1
CTCI Corporation,1
AMC Entertainment,1
ICOMOS,1
Copenhagen Infrastructure Partners,1
Ralph Lauren,1
KAGS,1
FPT,1
VETCO,1
Hard Rock International,1
PTT,1
DE-CIX,1
Fitch Group,1
Accolite,1
Aruba Networks,1
Ariston,1
P&O,1
Bachmann,1
Navig8,1
Arbinger Institute,1
Shenghong Petrochemical,1
Hawley & Hazel,1
Cyclone Robotics,1
Rodgers Reidy,1
Allianz,1
Leyard/Planar,1
OCP,1
Wenzel,1
Somnetics,1
Hosoda,1
PV Oil,1
Handy & Harman,1
AU Optronics,1
Aizen,1
Silversea,1
Miniso,1
Gusmer,1
L&T Infotech,1
Federal-Mogul,1
San Marco Paints,1
Lextar,1
CyberOptics,1
Odense Maritime Technology,1
Fischer,1
Northgate Arinso,1
Exmar,1
Solutia,1
Perez-Llorca,1
Scapa Group,1
Vopak/VTTI,1
Thales Group,1
Bell & Ross,1
Lycra Company,1
FANUC,1
SATO Pharmaceutical,1
MicroPort,1
Indosuez,1
IEEE,1
Proterial,1
RGF,1
AEON,1
Koyo Kaiun,1
Oxytarm,1
Datapipe,1
Giesecke+Devrient,1
Witt/Kieffer,1
Trio-Tech International,1
Epiq Systems,1
IDEX,1
Nicholas Hall,1
Luk Fook,1
Gard,1
NEC or NTT,1
Soehnle,1
FEI,1
Oki,1
Rorze,1
Berluti,1
Angelini,1
Dassault Systèmes,1
Purple,1
AsiaSat,1
Wilshire,1
Glodon,1
Borneo Motors,1
ICE,1
Hyster-Yale,1
Hermès,1
Vifor Pharma,1
Koch,1
Elkem,1
Bernina,1
Krohne,1
Haimer,1
NTT DATA,1
Ascendas REIT,1
Singapore Post,1
STT Communications,1
Binder,1
Esker,1
Mitsui Soko,1
3M,1
Asia Pacific Breweries,1
SVF,1
Ansys,1
Yamamizu,1
Polacel,1
Mori Hamada & Matsumoto,1
CNGR Zhongkuang,1
Littelfuse,1
Viomi,1
Topcon,1
Ritchie & Bisset,1
Agria,1
Kasto,1
1&1,1
Kraft Heinz,1
Collagen Lift Paris,1
COSCO,1
CBC Healthcare,1
Dr. Wolff,1
Trescal,1
CRCC,1
Dornier,1
Galab Laboratories,1
AIWA,1
B-Temia,1
Playbox,1
Greystar,1
Sun Ten,1
Vicor,1
Sundaram,1
Yogibo,1
Afton Chemical,1
NHU,1
Zoll Medical,1
Faci,1
Rasmussen,1
Pheim,1
Daly Electronics,1
Fackelmann,1
Tetra Chemicals,1
UNIPEC,1
QWQER,1
Aardwolf,1
Allpower,1
Hästens,1
Trikomsel,1
Kedacom,1
Shennan Energy,1
Wohlrab,1
Focus Media,1
DFASS,1
SIS,1
UCC Coffee,1
Geuder,1
ABEAM,1
H+S Technologie,1
Tesla,1
Shell/Raizen,1
Threadneedle/Columbia Threadneedle,1
bpost,1
St. Augustine Gold and Copper,1
The Standard Club,1
LiuGong,1
AUMA,1
Eu Yan Sang,1
Burke Brands,1
Exertis,1
SICO,1
Manuport,1
Clasquin,1
IOI Corporation,1
Foster Electric,1
Bed Bath & Beyond,1
Carpenter Technology,1
CMBI,1
U.S. Dairy Export Council,1
Nagatsuka,1
Sea Limited,1
Hilzinger,1
Sumitomo Forestry,1
Kirsch,1
Merit Medical Systems,1
Yale,1
Jingye,1
Tilleke & Gibbins,1
Kuehne + Nagel,1
PTSC,1
Cardia,1
Premark,1
Tikehau,1
Infraco,1
YTL Corporation,1
Expansys,1
Dai-Dan,1
H.B. Fuller,1
OPEM,1
Daldrop,1
Eltov,1
SEKO Logistics,1
Reliance,1
Dong-A,1
Kellogg Brown & Root,1
KLU,1
Vend,1
Woori Bank,1
Amphenol,1
Cambridge University Press,1
Buben & Zorweg,1
Xchanging,1
ITUC,1
King & Spalding,1
Landmark Worldwide,1
Crane,1
ISC2,1
Kawajun,1
Havas,1
Amann Girrbach,1
Neosem,1
AGV,1
Logos,1
Performance Specialty,1
Trane,1
San-Ei Gen F.F.I.,1
Sitel,1
DB Schenker,1
TuSimple,1
Nuven Medica,1
Sumitomo Rubber,1
Trinity,1
TPM Flavour,1
Conair,1
Cubic Corporation,1
Stewart Murray,1
Resysta,1
Tallink,1
BDP International,1
SANS Institute,1
Preformed Line Products,1
Hojyo,1
Globecast,1
Rutronik,1
Alexander Hughes,1
CTI,1
Incoe,1
SAL Heavy Lift,1
Fufeng,1
JNP Medi,1
Coffin,1
Cover-More,1
ABC Cooking Studio,1
Scotsman Industries,1
Xinhua,1
D'Addario,1
Remsafe,1
Iress,1
Spruson & Ferguson,1
Mobifone,1
Kaiser Foods,1
EO Technics,1
Haitian,1
Chasen Logistics,1
Roca,1
McLarens,1
Garbe,1
Thomas Miller,1
Garena/Sea Limited,1
Coach,1
Duferco,1
Chimbusco,1
Reyl,1
APG,1
Ruijie,1
Matsuda Sangyo,1
Miyoshi,1
Helmke,1
Managed Objects,1
Interflon,1
SPB CPG,1
NSK Nakanishi,1
ARI-Armaturen,1
Medica,1
ABS-Kimsign,1
Greenply Alkemal,1
Yeti,1
Brother,1
Yamazen,1
Bristol-Myers Squibb,1
Sichuan Sanjia,1
Henley & Partners,1
Hai Tian,1
Balenciaga,1
JOYY,1
Kiswel,1
W. E. Cox,1
Greenwheels,1
TPG Capital,1
Park Royal,1
Jebsen & Jessen,1
Pentax,1
Biesse,1
Schutz,1
Cendyn,1
Advario,1
Daiichi Jitsugyo,1
Stamford,1
Mitsui Chemicals,1
Oishi Group,1
Gstaad,1
LDS Church,1
Neville-Clarke,1
EM-TECHNIK,1
Borderfree,1
Hankyu Travel,1
Kellogg,1
Fiereiitaliane,1
Redwood,1
Prada,1
Hakoniwa,1
Danley Sound Labs,1
Osato,1
Anabuki,1
Blumenthal,1
Pan Ocean,1
Headlands Technologies,1
Sina,1
Troendle,1
Asahi Kokusai,1
Bulkhaul,1
JBT Marel,1
CL E-Logistics,1
J Trust,1
UIPM,1
Modern Pilates,1
Goodrich,1
Qiagen,1
Fiamm,1
Stonex,1
Gogoro,1
Draeger,1
Tsubakimoto,1
Menicon,1
KSMC,1
O9 Solutions,1
Bein,1
Gelman,1
Mercedes-Benz,1
Perma-Liner Industries,1
WNS,1
Tool-Temp,1
Ebm-papst,1
Baseus,1
Sekisui,1
ESPN,1
Elbit Systems,1
Nissei Electric,1
Ascott,1
Kimberly-Clark,1
Becht,1
Xerafy,1
Lecip,1
Selco,1
VRIgroup,1
O2Micro,1
Travel Blue,1
Go-Jek,1
Ziehl-Abegg,1
KB Financial Group,1
Revolution Analytics,1
Changhong,1
UFI Express,1
Yatsen Holding,1
Albemarle Corporation,1
Massive Monster,1
Enjoytown,1
Sauter,1
Delacour,1
Tillberg Design,1
BOE,1
Bertschi,1
Aiwa,1
Peabody Energy,1
SEW,1
Bernhard Schulte,1
Catholic Healthcare,1
Heineken,1
Electrolux,1
Rimbunan Hijau,1
TE,1
Knorr-Bremse,1
Georg Duncker,1
Zenith Data Systems,1
TÜV Saarland,1
Elmos Semiconductor,1
ARINC,1
Ma'aden,1
Penumbra,1
Stella Chemifa,1
Jameel,1
ACCRETECH,1
AutoPot,1
Maplebear,1
Klick Health,1
Bansbach,1
LTX-Credence,1
Winhealth,1
CTI Chemicals,1
Prince Albert II Foundation,1
Church & Dwight,1
Heller Machine Tools,1
CyberLogitec,1
Chemicals Container Lines,1
Lamborghini,1
Van Vliet,1
NABBA WFF,1
Norden,1
Petredec,1
Saitek,1
Niigata Power Systems,1
India Infrastructure Fund,1
Angewa Chemie,1
Windsor Airmotive,1
KTH,1
GF,1
Trendwatching,1
L-TRAXX,1
BREP/Skyy,1
NXP Semiconductors,1
DEIF,1
INTCO,1
Widex,1
Tangentia,1
Edmund Tie,1
Trowers & Hamlins,1
UPM-Kymmene,1
Coats Group,1
L'Oreal,1
Dai Nippon Printing,1
Yamatoya,1
AT&T,1
Koshin Kogyo,1
Centersquare Investment Management,1
Mayoly Spindler,1
Clarkson,1
Tongling Electric,1
Watson Farley & Williams,1
Falko Aviation Capital,1
Shinkawa Electric,1
Lactalis,1
Nichicon,1
H2O.ai,1
Guess,1
Beijing Hualian,1
Bizerba,1
Halyard Health,1
Piguet & Meylan,1
Vroon,1
Naver,1
AIER,1
Areva,1
Harvey Nash,1
Chemetall,1
Tombo,1
Hewlett-Packard,1
Wevo Chemical,1
Ticketmaster,1
Screen,1
Avis Budget Group,1
Safilo Group,1
Longyuan,1
Mosca,1
C.T. Hansen,1
Liby,1
CEMB,1
Balmain,1
Mermec,1
Globalstar,1
Trotec Laser,1
Toho,1
Keywords Studios,1
FIS (Fiserv),1
Heidelberg,1
Kansai,1
Validus,1
Bourbon,1
Shiji,1
CJ,1
Leclanché,1
PharmaEssentia,1
Getz Bros,1
Estes,1
Swan & Maclaren,1
Nexif Ratch,1
Columbia Shipmanagement,1
Fenix Outdoor,1
Vesco,1
Altrad,1
Clarilis,1
Domino's Pizza,1
Access Health,1
CrimsonLogic,1
Heidrick & Struggles,1
Suntec,1
Beverly Hills Cancer Center,1
Hatenboer-Water,1
Saudi Aramco,1
Sensata Technologies,1
Tikehau Capital / Kay Hian,1
Beijing Hualian Hypermarket,1
Todai,1
Milton Exhibits,1
C. Steinweg,1
IFS,1
OSHA,1
Naturally Plus,1
Wilmar International,1
Harting,1
Noumi,1
Sunmi,1
Obayashi,1
JERA,1
Prison Fellowship International,1
MOL Group,1
Soudronic,1
R-Pharm,1
ACM Research,1
Checkout.com,1
CITIC,1
Jiuzhou Pharmaceutical,1
Winterhalter,1
ECCO,1
Ningbo Yongxin,1
Cambiaso & Risso,1
Tri-Wall,1
Nagashima Ohno & Tsunematsu,1
Brookfield/Private Equity,1
TVB,1
Weinert,1
NH/JSF,1
ACEN,1
Danisco,1
Miraclon,1
Ryan Specialty,1
Koizumi,1
Arkturing,1
SunEdison,1
Perennial,1
Vice Media,1
Dynabook,1
TeamTailor,1
Landbell,1
Liberty,1
Alvarez & Marsal,1
Kuhnezug,1
Leni Brands,1
Datadog,1
Brinks,1
Pureprofile,1
Hanjin,1
ContiTech,1
TWG Tea,1
CNGR,1
PetroChina,1
Gymboree,1
Allied Automotive,1
HPray,1
Taimei Xingcheng,1
Avaloq,1
Huper Optik,1
Fossil,1
Rods & Cones,1
PRA Group,1
Snap-on,1
Velovita,1
Fischer Connectors,1
Antalis,1
Winterthur,1
Mitsubishi Logistics,1
Semisysteme,1
Ikegami Electronics,1
AVK,1
IATA,1
Noritsu,1
Zoomlion,1
CETC,1
Taliworks,1
Jindal,1
Nordic Industries,1
Billerud,1
AMC,1
Lea+Elliott,1
JD.com,1
Huayou Cobalt,1
YHI,1
Zoller,1
Guotai Junan Securities,1
Lantal,1
Lloyd's Register,1
Palfinger,1
Jiangsu Provincial Construction Group,1
Hoffmann Group,1
Corporación Financiera Alba,1
Boustead,1
Empyrion,1
Farmina,1
Shinkin,1
Blockchain.com,1
Corston-Smith,1
Rémy Cointreau,1
Delegat Group,1
KPJ Healthcare,1
Marorka,1
Daiohs,1
Avocent,1
TAL International,1
Rubis,1
DFI Retail,1
Hannover Messe,1
Abrablast,1
GLP,1
Doosan Bobcat,1
Walkers,1
Röhlig,1
Flagship Pioneering,1
Doehle,1
CMIC,1
FD Interconnect,1
Blanco,1
Solstad,1
Korea Investment Partners,1
Angang,1
By Terry,1
MBC Advisors,1
Moscow Container Line,1
Growatt,1
Mediaplus,1
Risen Energy,1
Brighton College,1
Bio Basic,1
Best Seal,1
Wattens,1
Elsner,1
Mitsui Fudosan,1
Daiichi Life,1
Chow Tai Fook,1
Shandong Port,1
Tsuruoka,1
Kurt Mitterfellner,1
Schawk,1
Ardmore,1
VHG,1
Millennium IT,1
Integra LifeSciences,1
Rajah & Tann,1
Targochem,1
ENAM,1
ADF,1
AECOM,1
Gradiant,1
Allscripts,1
Laerdal,1
Murr Electronics,1
Fubon Insurance,1
Archroma,1
PRGx,1
O.C. Tanner,1
HBO,1
IQOS,1
Xiabuxiabu,1
COFCO,1
OneFootball,1
Miwe,1
Hioki,1
Pulse Electronics,1
Ensinger,1
Medicaroid,1
Hai Robotics,1
VASS,1
Kunstgiesserei St.Gallen,1
Terberg,1
Budenheim,1
Freyr,1
Tod's,1
Continental,1
Aegion,1
VFS Global,1
Performance Data,1
VTI,1
Digital China,1
BTS,1
Elof Hansson,1
Baumer,1
Cubic Telecom,1
Perkins and Will,1
Gate Gourmet,1
CHT,1
SANY,1
HMD Global,1
General Electric,1
Great-West Life,1
Just Kliin,1
Buskowitz Energy,1
Binal,1
Power China,1
DFS Group,1
Dahua Technology,1
Cartoon Network,1
Tokai Tokyo,1
Meikai Chemical,1
Delvaux,1
Voestalpine Bohler,1
Stulz,1
Chemi-Con,1
Intage,1
Pop Mart,1
Stepan Company,1
The Coffee Bean & Tea Leaf,1
Dr. Oetker,1
Baltic Control,1
LGT Group,1
Dr. Stik Chemie,1
FAUDI,1
Hydro-Star,1
Transworld Relocation,1
Oracle (MICROS),1
KKday,1
Belair Travel,1
eToro,1
Lubrizol,1
Alstef,1
Universal Testing & Inspection,1
Worldwide Clinical Trials,1
Matsuura,1
Susumu,1
H.I.S.,1
SIA Partners,1
Mitsubishi Electric,1
A. Raymond,1
TI Sparkle,1
Regus,1
Orange,1
HP,1
Mirai,1
Dymon Asia,1
Weinmann,1
YTB,1
Bentoli,1
Vivaldi,1
Wärtsilä,1
Telair,1
Frisch,1
Oppenheimer,1
Cayman Islands Government,1
Shelf Drilling,1
Kinpo,1
Ninebot,1
Nanofilm Technologies,1
Biover,1
"Angelo, Gordon",1
Cheil,1
Hafnia,1
Brown Brothers Harriman,1
Coty Inc,1
Putzmeister,1
Medco Energi Internasional,1
Aisin Seiki,1
Hellmann Worldwide Logistics,1
Meritor,1
Koyo,1
IHS Markit,1
ABC Arbitrage,1
Eltek,1
EEW,1
JECC,1
Dan-Bunkering,1
Agramkow,1
Beijing Gas,1
Zhejiang Petro-Chemical,1
Fuyo General Lease,1
Drew Ameroid,1
R.J. O'Brien,1
International Flavors & Fragrances,1
Kokuyo,1
KL E&C,1
MBDA,1
Amcor,1
Onyx,1
Cosmoprof,1
Long Range Systems,1
Hershey,1
Dallmeier,1
Sinochem,1
BGC Partners,1
Kyriba,1
MAHO,1
GFH,1
PacBio,1
Wilhelm,1
Embraer,1
Firmenich,1
Ajinomoto,1
Sécheron,1
Butler Industries,1
"Major, Lindsey & Africa",1
Omnipresent,1
Koi The,1
United Arab Shipping Company,1
JVCKenwood,1
Evia Fortis,1
R&M International,1
Puratos,1
Rawlplug,1
B.Grimm,1
Resona,1
Gentari,1
Houston,1
Adler Elektrotechnik,1
JFD,1
GSC,1
Pershing,1
Texchem,1
Beijer Ref,1
TimeZone,1
D.S. Brown,1
TechnipFMC,1
Moritex,1
Alps Alpine,1
KHS,1
Meiji Seika,1
Quintus Technologies,1
Hill & Knowlton,1
Clinuvel Pharmaceuticals,1
Horwath,1
Therme,1
Bryan Research & Engineering,1
MSA Safety,1
Qrator Labs,1
Nobinax,1
Militzer & Muench,1
CyCraft,1
Ramky,1
Busch,1
Wacoal,1
Nippon Jimuki,1
Texas Chicken,1
Versum Materials,1
Fluence,1
BS&B,1
Swiss Steel,1
Tongfang,1
Nukem,1
Demcon,1
Hydrochem,1
Ion Beam Applications,1
Jiangshan,1
Sistema,1
Syneos Health,1
Bellevue,1
SBM Offshore,1
MMG Limited,1
Baltimore Aircoil Company,1
Nippon Life Insurance,1
Kinto (Toyota),1
Office Navi,1
Eurodrug,1
Kirin,1
Eptura,1
Greenwich Associates,1
A&W Restaurants,1
Berg+Schmidt,1
Autodeal,1
Procems,1
Mediapro,1
Inabata,1
Moody's,1
Qingjian,1
Samrat Engineering,1
Maha Chemicals,1
Mold-Masters,1
Delifrance,1
Sans Souci Lighting,1
Droom,1
Hazels Mountain Capital,1
Daetwyler,1
Fette,1
Sagami,1
B/E Aerospace,1
Speech Graphics,1
Lepercq de Neuflize,1
Sociedad Textil Lonia,1
Follow-Me Technology,1
TLS Contact,1
Codelco,1
Samantha Thavasa,1
Norwegian Cruise Line,1
SAFE STS,1
Yokowo,1
Rikevita,1
Muto,1
ODT,1
Castrol,1
Itsuwa,1
Lintec,1
Unicity,1
Mastercard Payment Gateway Services,1
PTC (Parametric Technology Corporation),1
IDG,1
Warrington Fire,1
Osaka Gas,1
Maison Routin 1883,1
KROHNE,1
Sumifru,1
Operation Mobilisation,1
Mizuho Financial Group,1
Aquaporin,1
Nexia International,1
