entity,frequency,career_page
Atlas,2,https://www.atlashxm.com/careers
Acciona,2,
Hoya,2,https://www.hoyavision.com/uk/careers/
bitFlyer,2,https://cryptocurrencyjobs.co/startups/bitflyer/
Compass Group,2,https://www.compass.com/careers/
Tsuchiya,2,https://tsuchiya-kaban.com/pages/careers?srsltid=AfmBOooTChKnd1jP1gH1Uene-aPjJpGkon2O1YdBSf8DApPcU1PHxeQc
Yanmar,2,https://yanmarce.com/careers/
McDonald's,2,https://www.mcdonaldshoustonjobs.com/career-opportunities
Guntner,2,https://www.munters.com/en-us/careers/
Oaktree Capital,2,https://www.oaktreecapital.com/careers
KKR (Kohlberg Kravis Roberts),2,https://www.kkr.com/careers/student-careers
Auto & General,2,https://www.directauto.com/careers
Zensho,2,https://jobs.guidable.co/en/offers/7185
ABS,2,https://www.americanbatterysolutions.com/careers
Tim Hortons,2,https://www.workstream.us/j/d591ed89/tim-hortons?locale=en
Fosun,2,
Ritz-Carlton,2,https://careers.marriott.com/brands/the-ritz-carlton/
Getinge,2,
MAIF,2,https://www.mymarylandauto.com/site/careers/
Parker Hannifin,2,
Leica,2,https://leicacamerausa.com/careers/?srsltid=AfmBOoreyQirimqrtZUaVTRlY0T_TtQNWnIyRXiy7vySdnktx7e0xNP5
Thomson,2,https://www.thomsonreuters.com/en/careers
IGIS,2,https://oig.hhs.gov/careers/
Coca-Cola,2,https://www.reyescocacola.com/careers
ZPMC,2,https://zpmcindia.com/careers
Elizabeth Arden,2,https://corporate.elizabetharden.com/career-opportunities/TradeMktg030912-Mgr/
Singha,2,https://sofha.net/careers/
Kobelco,2,https://www.kobelco-in.com/company/careers/
William Grant & Sons,2,https://www.williamgrant.com/gb/careers/
Carrier,2,https://www.carrier.com/us/en/careers/
Rockwell Automation,2,
CEVA Logistics,2,
Saison,2,https://creditsaison.in/careers
Odfjell,2,https://www.odfjell.com/career/vacancies
Alliance One International,2,https://www.allianceoneinc.com/careers/
JustCo,2,https://www.topco.com/careers
Airtrunk,2,https://job-boards.greenhouse.io/airtrunk/jobs/7725596003
LGT,2,https://www.lgtwm.com/au-en/careers/career-opportunities
Resonac,2,
Yang Ming,2,https://e-solution.yangming.com/LocalSite/Local_News_Info_Rwd_Country.aspx?funcDTL_Key=316&func=&localver=NL
Pratt & Whitney,2,https://careers.rtx.com/global/en/pratt-whitney
TCL,2,https://us.tcl.com/pages/about-us?srsltid=AfmBOoobuWQFvjWlPH8CPXrDCpQtOruoG1BXlbojvhS7oG3bTStt-y2c
Mitsubishi Heavy Industries,2,https://www.mitsubishicars.com/careers
Telenor,2,https://www.telenorlinx.com/careers/
Swiss Life,2,
Interpublic Group,2,https://www.ipgphotonics.com/company/careers
Portcullis,2,https://portcullis.group/careers
Air Liquide,2,https://www.airliquide.com/join-us/careers-air-liquide
Citadel Securities,2,https://citadelsecurityusa.com/careers
M&G,2,https://www.mg-life.com/careers/
Marubeni,2,https://www.mitube.com/careers/
BW Offshore,2,https://bw-group.com/about-us/careers/
Autobacs,2,https://jobs.guidable.co/en/offers/11967
Matsui,2,https://www.msigusa.com/careers/
Amorepacific,2,https://job-boards.greenhouse.io/amorepacificusinc/jobs/4140619009
Marmon,2,https://www.marmonrail.com/careers
PSA,2,https://careers-psaairlines.icims.com/jobs/intro
Stolt-Nielsen,2,https://www.stoltseafarm.com/join-our-team
Konica Minolta,2,https://healthcare.konicaminolta.us/about-us/careers
Keppel Corporation,2,https://www.keppeldatacentres.com/contact/careers/
Blackstone/BCP,2,
Johnson Matthey,1,https://jobs.workinlithuania.com/companies/493-johnson-matthey
Coca-Cola/Nestle,1,https://www.coca-colacompany.com/careers
Adani,1,https://www.adaniairports.com/careers
JGC Corporation,1,https://www.jgc.com.ph/careers/
Toyo Seikan,1,https://www.jobthai.com/en/company/78087
K.I.T. Group,1,https://www.kit.org/about/careers/
Eaton/UPS,1,https://eaton.eightfold.ai/careers
George P. Johnson,1,
Ernst Russ,1,https://www.hodgsonruss.com/careers/our-difference
Nohara Group,1,https://polara.com/careers
Riello UPS,1,https://www.rielloupsamerica.com/job_postings
China Reinsurance,1,https://careers.munichre.com/en/location/china-jobs/3167/1814991/2
Princeton Advisory,1,https://careers.blackrock.com/location/princeton-jobs/45831/6252001-5101760-5102922/4
West of England,1,https://www.westofengland-ca.gov.uk/about-us/careers/
Red Eye Management,1,https://www.eyesofyork.com/about-us/careers
Ultrapure & Industrial Services,1,https://www.uswatercorp.com/careers/
Techwing,1,https://techwings.com/careers
Hexamine,1,https://www.zekelman.com/careers/
Korea Exchange,1,https://www.hkexgroup.com/About-HKEX/Careers-at-HKEX?sc_lang=en
Macnica,1,https://pivotandedge.recruitee.com/macnica-americas
Asia Pacific Wire & Cable,1,https://www.tpcwire.com/about-us/careers?__ptLanguage=en-US
OQ (Oman Oil Company),1,https://oq.com/en/careers
CME Group,1,https://www.gotocme.com/careers/
JET Semi-Con,1,https://www.jetmidwest.com/careers/
Lindt & Sprungli,1,https://www.lindt-spruengli.com/careers/vacancies
China Hospital Corporation,1,
Mars,1,https://careers.mars.com/us/en/albany-careers
Tenox,1,https://www.tenaxtech.com/careers
China Jingye,1,https://www.chinaconstruction.us/careers/working-at-cca/
Hirose,1,
NOR1,1,https://www.systemone.com/careers/
Blended,1,https://www.blendedbars.com/careers
Tohoku Electric Power,1,https://carbontracker.org/reports/tohoku-electric-power/
BNA,1,https://www.bna-inc.com/search-jobs/
Jiaxing Gas Group,1,https://markets.ft.com/data/equities/tearsheet/summary?s=9908:HKG.HZ
SWCC,1,https://www.swcc.edu/career
TWP,1,https://www.twgdev.com/careers
R&A Group,1,https://careers.revgroup.com/
Gapuma,1,https://www.gapinc.com/en-us/careers
Giftify,1,https://careers.grantify.io/jobs
United Creation,1,https://www.unither.com/careers/to-be-a-unitherian
Sichuan Industrial,1,https://ev.careers/jobs/mid-senior-level/in-meishan-shi-sichuan-china
Dassault,1,https://www.dassaultfalcon.com/careers/
Total,1,https://jobs.totalenergies.com/en_US/careers/SearchJobs
Harimic,1,https://formic.co/careers
Federal Tank Liner,1,https://www.frontiertanklines.com/careers/
Waiko International,1,https://winrock.org/work-with-us/careers/job-openings/
Fossil Group,1,https://sjobs.brassring.com/TGNewUI/Search/Home/Home?partnerid=25613&siteid=5520
PMI/Petrolos Espana,1,https://www.pmiscience.com/en/about/our-scientists/careers/
Putnam Investments,1,https://www.putnam.com/careers/our-teams/investments/1000
Sapura Offshore,1,https://careers.vantrisenergy.com/
Kanadevia,1,https://kanadevia-inova.com/careers
Marine Star,1,https://www.westarmarineservices.com/careers
E1 Corporation,1,https://www.energy-1.net/careers
TB Marine,1,https://www.brunswick.com/careers
Carl Karcher Enterprises,1,https://www.carlsjr.com/careers
AACO,1,https://www.governmentjobs.com/careers/annearundel
Siltronic,1,https://www.siltronic.com/en/career/working-in-usa.html
Toli Corporation,1,https://www.related.jobs/careers-home/jobs
Ines Corporation,1,https://www.ineos.com/careers/
Intermetro Industries,1,
NTTF,1,https://www.northerntrust.com/about-us/careers
Gigaphoton,1,https://www.gigaphoton.com/
C. Melchers,1,https://careers.cswg.com/
Paltek,1,https://www.plastekgroup.com/careers/
DB Engineering & Consulting,1,https://db-engineering-consulting.com/en/careers/jobs-worldwide/
Wuhan Railway Technical Service,1,
Azbil,1,https://us.azbil.com/careers-2/
ETS-Lindgren,1,https://jobs.cedarparktexasedc.com/companies/ets-lindgren
China Railway Engineering Equipment Group,1,
Johnson Suisse,1,https://www.careers.jnj.com/en/jobs/
PSK,1,https://careers.srpnet.com/
Precipia Systems,1,https://www.rapitasystems.com/about/careers
Belimo,1,
Sanko Progress Mabis,1,https://careers.daiichisankyo.com/
Global Tote,1,https://www.uktotegroup.com/careers
Separation Solutions Enterprises,1,
Uniquest,1,https://www.uni-quest.co.uk/careers
Air Cruisers,1,https://www.seabourn.com/en/about/careers
G-Xchange,1,https://www.gi-de.com/en/careers/jobs
Bundesliga,1,https://www.bundesliga-group.com/jobs/
Druk Air,1,https://pilotcareercenter.com/Air-Carrier-PCC-Profile/3334/Druk-Air
China Tianchen,1,
AFP,1,https://community.afpnet.org/afpflsouthwestchapter/career/center
Mueller,1,https://www.muellerreports.com/Careers/
ARRK,1,https://www.arrkgroup.com/careers/
Aircraft Recycling International,1,https://www.calc.com.hk/?route=press_detail&id=191
Sapphire Minmetals,1,https://careers.simsltd.com/
Air Premia,1,
Seian,1,https://www.sienawichita.com/careers
Pola,1,https://polarsemi.com/careers/
Studio City,1,https://www.showbizjobs.com/jobs/location/city/studio-city
DFIC,1,https://www.fdic.gov/careers
Saacke,1,https://saferack.com/careers/
Mercuria,1,
Ritag,1,https://www.trafigura.com/careers/
Baldwin Boyle,1,https://baldwin.com/careers/
Suzhou Industrial Park,1,https://www.randstad.cn/en/jobs/jiangsu/suzhou/
Mihama,1,https://www.msha.gov/about/careers
"Levi, Ray & Shoup",1,https://jobs.lrsconsultingservices.com/
ENEOS,1,https://www.ineos.com/careers/
MT Cosmetics,1,https://careers.ulta.com/careers/jobs
Nikon,1,https://www.microscope.healthcare.nikon.com/en_EU/about/careers
Sinohydro,1,https://www.shintech.com/careers
Taiyo Kogyo,1,https://www.taiyo-america.com/index.php/contacts/career-opportunity/
Cerdia,1,https://www.cerdia.com/our-people
Qingdao Ruiyuan,1,https://careers.halliburton.com/location/china-jobs/543/1814991/2
Koenig & Bauer,1,https://jobs.koenig-bauer.com/content/FAQ/?locale=en_US
UMC,1,https://www.governmentjobs.com/careers/umcsn
First Sponsor Group,1,https://www.firstinspires.org/about/careers
Thor Specialties,1,https://thorsolutionsllc.applytojob.com/apply
UATP,1,https://uatp.com/careers/
Ed. Zublin,1,https://www.zueblin-groundengineering.com/databases/internet/_public/content30.nsf/web30?Openagent&id=87A1A8E4CE06CDB7C125840E0035911A
Sperry Associates,1,https://www.sperryequities.com/career.html
Hisamitsu Pharmaceutical,1,
OYO,1,https://www.oyolasvegas.com/careers/index.html
Temot,1,https://www.simplyhired.com/search?q=remote&l=arkansas
Astomos Energy,1,
Techcross,1,https://www.redcross.org/about-us/careers.html?srsltid=AfmBOoonh_XPZd1ATxqgWeE4w8T3KnkkbrsWEfHAVxDqCAVhV5SntpJO
Infraegis,1,https://www.infraservices.com/careers
Korea Venture Investment,1,https://www.kic.kr/en/careers/recruit/gjsg9u
Surface Solutions,1,https://www.innovativecompany.com/careers.php
Hyosung,1,https://www.hyosunghico.com/careers
Infospectrum,1,https://www.infospectrum.net/careers
Dow Chemical,1,
GE,1,
Extra Space Storage,1,
Hanil Fuji,1,https://www.fujifilm.com/us/en/about/region/careers
ICL,1,https://icltexas.com/careers/
IDEC,1,https://idexcorp.com/careers/
Metro Pacific Tollways,1,https://www.calax.com.ph/careers
Geodis,1,https://injob.geodis.com/homepage.aspx?LCID=2057
Apollo Tyres,1,https://www.apollo.com/careers
Charles & Keith,1,
China Minmetals,1,
Vinomofo,1,https://www.thewinegroup.com/careers/
Nanshan Group,1,https://nanshan-america-aat-llc.prismhr-hire.com/
A.P. Morling,1,https://yingling.aero/careers-open-positions/
Norma Group,1,https://jobs.normagroup.com/go/Americas/4067301/
Wadatsumi,1,https://www.fukumirestaurantgroup.com/careers
Carlon Shipping,1,https://www.carolinahandling.com/careers
National Pension Service,1,https://npstrust.org.in/career-vacancies
Lightsource BP,1,https://lightsourcebp.com/us/careers/
Glovis,1,https://www.glovisusa.com/careers/
Versant,1,https://www.versantpower.com/about/careers
Saab,1,
FTSE,1,https://www.lseg.com/en/careers
Taiyo Chikuro,1,https://www.taiyo-america.com/index.php/contacts/career-opportunity/
Wilmar,1,https://careers.wilmarsugar-anz.com/search
Clestra,1,
Le Cordon Bleu,1,https://www.cordonbleu.edu/careers/en
Yushi-Seihin,1,https://bebee.com/sg/jobs/sales-executive-asean-yushi-seihin-co-ltd-singapore-branch-singapore-069533--theirstack-704840695
Milli Re,1,https://www.munichre.com/us-life/en/careers.html
Weigao,1,https://www.wego-healthcare.com/en/index/joinus.html
Mandom,1,https://careers.raymondcorp.com/
Cromwell,1,https://www.sullcrom.com/Careers/Professional-Staff
AB InBev,1,https://www.anheuser-busch.com/careers-early-career-full-time
Zhongke Chengtou,1,https://www.carpentertechnology.com/careers
FESCO,1,https://www.fescoinc.com/careers
CEFC,1,https://www.cefc.com.au/about-us/who-we-are/careers/
LS Cable & System,1,https://lscsusa.com/about/careers
Brintons,1,https://www.burlington.com/careers
5 Hour Energy,1,https://www.career.com/company/5-hour-energy/jobs?cid=g202204131145197199912
Temasek,1,https://www.tll.org.sg/careers/current-vacancies/
Crown-Package,1,https://www.crowncork.com/careers
MSC (Mediterranean Shipping Company),1,
Life Insurance Corporation of India,1,https://apna.co/jobs/life_insurance_corporation_of_india-jobs
Ernst & Young (EY),1,https://www.ey.com/en_us/careers
Anantara Hotels and Resorts,1,https://careers.smartrecruiters.com/MinorInternational/banana-island-resort-by-anantara
Idemitsu Kosan,1,https://www.idemitsulubricants.com/careers
Royalturbo,1,https://www.royalbrassandhose.com/corporate/careers
Velox,1,https://www.veloxmedia.com/company/careers
Helvetia,1,https://rainbow-career.de/en/companies/helvetia-versicherungen-ag/
Everest Re,1,https://www.everestgrp.com/careers/
TW Chemical,1,https://eu.mitsubishi-chemical.com/careers/
GLEIF,1,https://www.gleif.org/en/contact/career-opportunities
Trapeze Group,1,
Kempston Group,1,
Leemax,1,https://www.selectlee.com/culture/careers/
Development Advance Solution,1,https://www.lmisolutions.com/careers
First Sentier Investors,1,https://www.fssaim.com/us/en/institutional/who-we-are/careers.html
Hainan Rubber Group,1,
Faymonville Group,1,https://careers.wonderful.com/
AOGB,1,https://careers-ovg.icims.com/jobs/intro
PT. Adam Skyconnection Airlines,1,https://www.delta.com/us/en/careers/overview
SKC,1,https://career.skc.edu/
Karuizawa Distillers,1,
Timezone,1,https://www.zoneandco.com/careers
N2 Tankers,1,https://www.n2-solutions.com/careers
FTDI,1,https://www.gdit.com/careers/
Squarepoint Capital,1,https://www.squarepoint-capital.com/open-opportunities
BG Group,1,https://bg-buildings.com/careers
Marken,1,
SIPH,1,https://www.standardlifeplc.com/careers
Hiventy,1,https://www.viantinc.com/company/careers/
Cyberlinks,1,https://www.servicelink.com/careers
Incapital,1,https://www.oaktreecapital.com/careers
Atlantic Partners,1,https://atlanticrecruiters.com/job-postings/
Lori Group,1,https://www.lorisgifts.com/careers/
Nissei Plastic Industrial,1,
CEVA,1,https://www.ceva.us/careers/careers-at-ceva
Soochow Securities,1,
Ningbo Grayscale Network Technology,1,http://job-boards.greenhouse.io/grayscaleinvestments
Wadatsumi Capital,1,https://www.regattainvest.com/careers/
Rock Marketing,1,https://www.rockcompanies.com/careers
Chemlube,1,https://www.speclubes.com/careers/
Ilyang ENC,1,https://gildancorp.com/en/careers/
Hyojin,1,https://www.barley.com/hyo-jin-lee/
Zhiheng Technology,1,https://www.zhinst.com/en/company/careers/
Flores Sky Airlines,1,https://skyharbour.group/careers-at-sky-harbour/
NYK Line,1,
Noonans Mayfair,1,
TriOptima,1,https://www.caloptima.org/en/careers
China Aviation Oil,1,https://bebee.com/sg/companies/china-aviation-oil-singapore-corporation-ltd
Yamada Consulting Group,1,
SEMES,1,
UnionPay,1,https://www.daijob.com/en/jobs/company/9105
Stichd,1,https://workatstichd.com/
Daikin,1,https://www.daikinapplied.com/careers
Yantai Port Group,1,https://www.containerport.com/careers
Hiroshima Gas,1,https://www.osakagasusa.com/careers/
Zeni Lite Buoy,1,https://www.zeni.ai/careers
Sahlholt,1,https://www.holtxp.com/about/careers/
LanguageOne,1,https://languageone.org/work-with/vacancies/
Unigra,1,
Tangshan Baichuan,1,http://job-boards.greenhouse.io/via
Mondelez,1,https://www.mondelezinternational.com/careers/jobs/
Torstone Technology,1,
Droit Public,1,https://law.yale.edu/student-life/career-development/students/career-pathways/public-interest/fact-vs-fiction-public-interest-careers
Pumyang,1,https://www.samyang.com/en/careers/job-introduction/distribution
Bartronics India,1,https://www.quikr.com/jobs/bartronics-india-ltd+lucknow+zwqxj4157493934
Luye Group,1,https://www.luyepharma.eu/en/careers/entry-opportunities
CGN Energy,1,https://jobs.constellationenergy.com/careers-home/
The Coffee Club,1,https://blendincoffeeclub.com/pages/careers?srsltid=AfmBOoqGDpLXh7KcHfbhW_UAWFDrR0CvJ3UajFLLlHxDDIJfLZ-KVqsX
Regal Cream Products,1,https://rfplc.com/careers/
Multiford,1,
Nitta,1,https://www.sunopta.com/careers/
Boot,1,https://bootz.com/careers/
MAS Holdings,1,https://masholdings.com/join-us/
GCF,1,https://www.greenclimate.fund/about/careers
Eggs 'n Things,1,https://www.eggsunlimited.com/careers/
S&P Global,1,
Trident Trust,1,https://www.tridenttrust.com/about-us/careers/current-vacancies
Kunhwa,1,https://www.kunhwaeng.co.kr/careers/kunhwa/?lang=en
Japan Ship Owners' Mutual P&I,1,https://www.steamshipmutual.com/careers
Brady Corporation,1,
Phinia Delphi,1,https://www.phinia.com/careers
Cisco/Certis,1,https://www.certisgroup.com/careers/careers-at-certis/
Utmost,1,https://utmostoil.com/careers/
Galena,1,https://www.prairieridgeofgalena.com/careers
Unigloves,1,https://www.greatplacetowork.co.uk/certified-company/1573833
Serimax,1,https://careers.myrgroup.com/
Element14,1,
Tyko,1,https://chicago.taleo.net/careersection/100/joblist.ftl
Smiths Group,1,https://www.smithsdetection.com/careers/
American Eye Center,1,https://www.themedicaleyecenter.com/about-us/careers/
Manipal,1,https://www.manipal.edu/mu/important-links/careers-mu/jobs-at-mahe-current-vacancies-.html
Holmen,1,https://www.holman.com/about-us/careers/?srsltid=AfmBOooPKRLWjlaj39LoaLyYZN585mvKvh_HSEFmghwqs2Od1PLvdZrW
Haier,1,https://careers.geappliances.com/
Hwacheon,1,https://www.hwacheonamericas.com/jobs
Poltrona Frau,1,https://careers.cassina.com/jobs/candidature_spontanee
Supor,1,https://www.superonefoods.com/careers
Guosen,1,https://www.cohenco.com/careers
LBE Mobi,1,https://www.inmobi.com/company/careers
SoftServe,1,
Burkert,1,https://volkert.com/careers/
Stora Enso,1,
Tajima,1,https://tajimaramen.com/careers-2/
Amano,1,https://www.tadano.com/uscan/en/careers/
Fujifilm,1,https://www.fujifilm.com/us/en/about/region/careers
Noni,1,https://nonivision.in/careers/
Nordson,1,
Bibby,1,https://trybibby.com/careers
Reed & Mackay,1,https://job-boards.greenhouse.io/reedmackayinternal/jobs/7737251
ACI Ventilatoren,1,https://www.workaci.com/about-aci/careers
Spectrum Brands,1,https://www.spectrumbrands.com/careers/job-search/list.html?searchCriteria[0][key]=keywords&searchCriteria[0][values][]=&searchCriteria[1][key]=LOV1&searchCriteria[1][values][]=&searchCriteria[2][key]=CAT1&searchCriteria[2][values][]=
Junior Achievement,1,https://www.jarockymountain.org/careers/
Flakt Group,1,https://www.semcohvac.com/careers
Macroblock,1,https://www.macromator.com/about/careers
Vorwerk,1,https://www.vorwerk-group.com/en/join-us/vorwerk-as-an-employer
Pandora,1,https://www.pandora.com/careers/
Yardi Systems,1,https://www.yardimatrix.com/Careers1
Dalberg Global Development Advisors,1,https://www.comeet.com/jobs/dalbergadvisors/2A.001/senior-consultant-us-2026/59.268
Bordier & Cie,1,https://www.pipersandler.com/careers
Cox and Kings,1,https://careers.cmg.com/
Aberdeen,1,https://www.simplyhired.com/search?l=aberdeen%2C+md
CCIC,1,https://www.cherrycreekschools.org/careers/human-resources/cherry-creek-careers
Tarsus Group,1,https://tarsusrx.com/careers/
Polestar,1,https://www.polestar.com/us/about/
Saint-Gobain,1,
Qingyuan Lithium,1,https://leochlithium.us/career-opportunities/
Furukawa Electric,1,https://emobility.careers/company/furukawa-electric
Farinia Group,1,https://www.tecnicagroup.com/careers/
Zingametall,1,https://jobs.kennametal.com/
ABB Group,1,https://new.abb.com/kr/en/careers
Cosentino,1,https://careers.cosentinos.com/us/en/
II-VI Incorporated,1,
Opportunity International,1,https://opportunityinternational.applytojob.com/
Furama,1,https://furamavietnam.com/the-resort/career-opportunities/
Ekamant,1,https://www.ekamant.com/about-ekamant/career/
M&G Stationery,1,https://www.mg-life.com/careers/
KV2 Audio,1,https://www.kv2audio.com/career/cnc-operator-operator-cnc.html
SECOM,1,https://www.secomts.com/careers/
TPG,1,http://job-boards.greenhouse.io/tpgcareers
BMW,1,https://www.hofmannusa.com/for-job-seekers/work-at-bmw/
Megagen,1,https://www.qiagen.com/us/careers
Xylem,1,https://www.xylem.com/en-us/careers/
Internap,1,https://jobs.ardenthealth.com/career-internal
Dabuwawa,1,https://www.odawacasino.com/careers/
Yaham,1,https://careers.yamaha-motor.com/search/searchjobs
Yanlord,1,https://www.related.jobs/careers-home/
Fuji,1,https://www.fujifilm.com/us/en/about/region/careers
MacDermid,1,https://careers.elementsolutionsinc.com/go/MacDermid-Enthone-Industrial-Solutions/8851100/
AmpControl,1,https://www.ampcontrol.io/careers
DSC,1,https://www.daytonastate.edu/faculty-and-staff/human-resources/careers.html
Merall,1,"https://careers.wolverineworldwide.com/search-jobs?acm=ALL&alrpm=ALL&ascf=[%7B%22key%22:%22industry%22,%22value%22:%22Merrell%22%7D]"
Revox,1,https://www.vevox.com/careers
Huttons,1,https://www.thehuttonjc.com/careers
Oskar Wehr,1,
Special Olympics International,1,https://www.specialolympicsva.org/about/careers
Shiroka,1,https://www.sitkagear.com/contact/careers?srsltid=AfmBOopf8lt_90rMs7Cqg9e6zwgH86e3tZbv_xySWVTWn412lggUCu7Z
GEOS,1,https://www.geographicsolutions.com/Careers/Current-Openings
MAN SE,1,https://www.mantruckandbusindia.com/en/career/career.html
Sanpower Group,1,https://www.san-group.com/career
Acrel,1,https://careers.achieve.com/
LJ Global,1,https://www.glory-global.com/en-us/careers/current-vacancies
Wehrle,1,https://www.northropgrumman.com/careers/amherst
Ince & Co,1,https://www.ince.co.za/careers/
Air Charter Service,1,https://www.aircharter.com/careers/
Plisch,1,https://www.plisch.com/company/careers
CRRC,1,https://www.crrcsifangamerica.com/we-are-hiring/
Harada,1,https://mpinarada.com/careers/
Global-E,1,https://www.global-e.com/en/careers/
SK Energy,1,https://www.skbatteryamerica.com/career/opportunity.html
Digi Telecommunications,1,https://www.digisystem.com/us/careers/
Ricoh,1,https://www.ricoh-europe.com/about-us/careers/
Saybolt,1,https://www.leybold.com/en-us/careers
Genesis,1,https://careers-americas.hyundai.com/Genesis/go/Corporate-Opportunities/9733800/
UD Trucks,1,https://www.udtrucks.com/careers
MICA Group,1,https://www.mica.edu/about-mica/offices-divisions/human-resources/careers-at-mica/
Japan Real Estate Institute,1,https://careers.cezarsjapan.com/interlink
Delano,1,https://careers.crescenthotels.com/jobs-by-state/NY
Bang & Olufsen,1,https://www.bang-olufsen.com/en/us/story/careers-graduate-program
ASM,1,https://www.asm.com/careers
Gerhardt,1,
Wittmann Battenfeld,1,https://www.battenfeld-cincinnati.com/career/job-vacancies-and-apprenticeships
Lufthansa Consulting,1,https://lhconsulting.com/career/
Moncler,1,
OMD,1,https://onemilliondegrees.applytojob.com/apply
Häfele,1,https://careers.hafele.com/
Vitablend,1,https://vitabella.com/careers/
Coventya,1,https://www.gaudenzia.org/careers/
Meier,1,
Helukabel,1,https://www.helu.com/us-en/company/careers/
BenQ,1,https://benq.hrmdirect.com/employment/job-openings.php?search=true&
Clemenger,1,https://au.seek.com/Clemenger-Group-jobs
MKS Instruments,1,https://www.mks.com/careers/
FA Premier League,1,https://careers.thefa.com/jobs/
Tymphany,1,https://www.huneety.com/en/jobs-at/tymphany-acoustic-technology
M. Chapoutier,1,https://www.wineindustryjobs.com.au/employment/m-chapoutier-australia-profile-27097.aspx
Ringspann,1,https://careers.kingspanpanels.us/
Sumitomo Electric,1,https://jobs.jobvite.com/sumitomo-electric/jobs
Logwin,1,https://www.logwin-logistics.com/people/career/vacancies-dvinci
Energizer,1,https://careers.energizerholdings.com/jobs
Knauf,1,https://www.knaufnorthamerica.com/en-us/careers
Tessenderlo Group,1,https://www.tessenderlo.com/en/careers/vacancies
Rapid7,1,https://careers.rapid7.com/
Hoover,1,https://www.callhoover.com/about-us/careers/
Great-West,1,https://orgreatwest.com/careers
Excelerate Energy,1,https://excelerateenergy.com/careers/
Wasco,1,https://www.wesco.com/us/en/our-company/careers/career-opportunities.html
Davidson,1,https://www.davidsonhospitality.com/join-the-team/
Glovia,1,https://www.glovisusa.com/careers/
Davies Collison Cave,1,https://bebee.com/us/jobs/law-clerkship-davies-collison-cave-brooklyn-ny-united-states--appcast-7428_5ae24ee055c67e518a062272e4f463e5bbb0f766d0ade91449e4841af8efda1f
Saipem,1,https://www.saipem.com/en/people/careers
M-Brain,1,https://www.brainproducts.com/about-us/careers/
Bellinzoni,1,https://marzonis.com/careers/
GP Batteries,1,
Advantest,1,
Melco,1,https://www.malcotools.com/careers/
RFMW,1,https://bebee.com/us/jobs/product-manager-remote-est-rfmw--t7xk-765632656
BK,1,https://www.workstream.us/j/9850d38a/burger-king?locale=en
Pierre Fabre,1,
Piabo,1,https://careers.penguinrandomhouse.com/
Romer Labs,1,http://jobs.dsm-firmenich.com/careers/job/562949977416921
Edelman,1,https://www.edelmansmithfield.com/careers
IC Frith,1,https://www.frithsconsultants.com/career-opportunities
PineBridge Investments,1,
A-Gas,1,https://www.agas.com/za/careers/
Soleseat,1,https://www.telesat.com/careers/
GT NuWater,1,https://www.worldwaterworks.com/careers/
Geberit,1,https://jobs.geberit.com/
Cornerstone,1,https://www.cornerstonestaffing.com/careers/
Transfar,1,https://energytransfer.taleo.net/careersection/etp_ext_sec/jobsearch.ftl?lang=en&portal=20100100150
CADFEM,1,https://cadfem.zohorecruit.in/jobs/Careers
Leadtek,1,https://www.deltek.com/company/careers/
WHA,1,https://advantage.westernhealth.com/about-us/careers
Euronav,1,https://www.tl-hub.be/en/employer/euronav
Erowa,1,https://www.erowa.com/en/career/vacancies
Swiss FTS,1,https://www.ftsfederal.com/jobs-1
CSPC,1,https://www.cspcsolutions.com/careers
Ediya Coffee,1,https://www.communitycoffee.com/pages/careers?srsltid=AfmBOop_815Qdw-0Iv6-0MNokyzL_oO7czYuj91pzLs6UBl_WMYO3E_J
CMA,1,https://www.cmadocs.org/careers
Tyco Electronics,1,https://careers.te.com/
Yusen Logistics,1,
Viventis,1,https://www.viventis-search.com/
CASS Information Systems,1,https://www.cassinfo.com/careers
Nitto Denko,1,
Huegli,1,https://jobs.viliving.com/careers-home
Yamaichi Seiko,1,https://yeu.com/careers/
Ashley & Martin,1,https://ashleyandmartin.com.au/careers/
Elero,1,https://valero.taleo.net/careersection/2/jobsearch.ftl?lang=en
Solum,1,https://www.solventum.com/en-us/home/our-company/careers/
Callison RTKL,1,https://architecturesocial.com/company/callisonrtkl/?srsltid=AfmBOooMujbcyL2yHI0Q2Dir5BYC3xdldBrQ0P5SUVUzVwpKl5QmSVzw
SEMI,1,https://polarsemi.com/careers/
Uptale,1,
JSSL,1,https://www.jssl.in/careers/
Haribo,1,https://www.haribo.com/en-us/career/job-application
Kraton,1,https://kraton.com/careers/
Livent,1,https://www.nvent.com/en-us/careers?srsltid=AfmBOoqwmmYL5Cc9sVjWdoZgFi-IhJuuPhbcuAYwK0iWiNJt-8tDr6lI
CSSC,1,https://www.sportfishcenter.org/careers
ANA,1,https://anacorp.com/careers/
Brakel,1,https://www.henkel-northamerica.com/careers/jobs-and-application
Indeed,1,
Yokohama Rubber,1,https://careers-yokohamatire.icims.com/
Bayard,1,https://www.trustbayard.com/careers
Eppendorf,1,https://www.eppendorf.com/us-en/company-careers/career/careers-at-eppendorf/?srsltid=AfmBOopZ9VD4xgO_MwfFK3sgp5prCUVzxltt-iyWfa_d00ngugHxXAMl
Axon Enterprise,1,http://job-boards.greenhouse.io/axon
Sage,1,http://job-boards.greenhouse.io/sage49
BSH,1,https://www.bsh-group.com/us/career/our-featured-jobs
Kolmar,1,https://kolmar.ca/careers/
XI ES,1,https://www.xiente.org/about/careers/
Thousand Islands Electronics,1,https://www.island.io/careers
Zhonghua Baijiu,1,https://www.southernglazers.com/careers
Mitsubishi Chemical,1,https://www.mcam.com/en/careers
Shanghai Everbright,1,https://www.goeverbright.com/careers
Kitagawa,1,https://ikandco.com/careers/
Rosgazneft,1,https://www.rosneft.com/about/careers/
Shen Milsom & Wilke,1,https://www.smwllc.com/careers/
Swanson Plastics,1,https://www.ssfplastics.com/careers/
Trelleborg,1,https://www.trelleborg.com/en/career
Hermetic-Pumps,1,https://www.crispumps.com/en/page/career
Aspria,1,https://www.aspria.com/en/careers
Intco Medical,1,https://www.intcomedical.com/news/info/INTCO-Medical-Launches-2026-INTCO-YOUNG-Program-for-500-New-Graduates.html
Haitong Securities,1,https://www.haitongib.com/en/careers/students/
Showa Electric,1,https://www.s-astec.co.jp/en/careers/
Hinomi,1,https://www.nomihealth.com/careers
Caudalie,1,https://caudalie.career/
Licht,1,https://jclicht.com/pages/careers
Keech Furnace,1,https://www.kechco.com/careers/
Dalmec,1,
Seafrigo,1,https://www.stopandgostores.com/careers
Ellab,1,https://www.ellab.com/working-at-ellab/careers/
Schlöter,1,https://www.schluter.com/schluter-us/en_US/careers
Stauff,1,https://stauff.in/en/career
NYK,1,https://jobs.newyorklife.com/
Babor,1,https://en.babor-beauty-group.com/career/
Multi-Fineline Electronix,1,https://www.mflex.com/about-mflex/careers/
Heron Heavylift,1,https://www.gpo-heavylift.com/careers/
Tasman Environmental,1,https://www.terra.do/climate-jobs/job-board/field-environmental-technician-i-remediation-sampling-8391178/
Phylion,1,https://www.helionenergy.com/careers
Vdoo,1,https://www.bigvoodoo.com/careers
Enel,1,https://jobs.enel.com/en_US/careers/Home
Bausch & Lomb,1,https://www.bauschhealth.com/careers/working-at-bausch-health/
Filmtec,1,https://www.braunintertec.com/careers
Control Union,1,https://www.controlunion.com/careers-2/vacancies/
Dolce & Gabbana,1,https://jobs.dolcegabbana.com/
Thermax,1,https://www.thermaxxjackets.com/about-us/careers/
Isetan,1,https://jobs.guidable.co/en/offers/8742
Quiksilver,1,https://www.velvetjobs.com/company/quiksilver/quiksilver-careers
JBT Corporation,1,https://apply.workable.com/jbt-corporation/?lng=en
McLaren,1,https://mclarenhlth.taleo.net/careersection/mclaren_external_career_section/jobsearch.ftl?lang=en&portal=8100020988
Spring Professional / LHH,1,https://careers.adeccogroup.com/en/business/industry/spring%20professional/22630/5
Cboe Global Markets,1,https://careers.cboe.com/us/en/
Gulf Marine Services,1,https://www.gulfoceanicmarine.com/careers
Rakuten,1,https://rakuteninternational.com/careers
Saint Laurent,1,
CTCI Corporation,1,https://ctcitechnology.com/careers/
AMC Entertainment,1,https://www.amcglobalmedia.com/careers/
ICOMOS,1,https://youthinheritage.ca/job-seekers/
Copenhagen Infrastructure Partners,1,https://www.cip.com/careers/
Ralph Lauren,1,
KAGS,1,https://www.koniag-gs.com/careers/
FPT,1,https://www.careers-page.com/fpt-asia-pacific-pte-ltd
VETCO,1,
Hard Rock International,1,https://www.hrhcbiloxi.com/careers.aspx
PTT,1,https://careers.pttep.com/
DE-CIX,1,https://www.de-cix.net/en/about-de-cix/careers
Fitch Group,1,https://www.fitch.group/careers
Accolite,1,https://www.acldigital.com/careers
Aruba Networks,1,https://careers.hpe.com/us/en/networking
Ariston,1,https://careers.astrion.us/
P&O,1,https://pomaritime.com/careers/
Bachmann,1,https://www.bachmanautogroup.com/careers
Navig8,1,https://www.lakecountyworkforce.org/events/career-navig8-lake-county/
Arbinger Institute,1,https://arbinger.com/careers-and-culture
Shenghong Petrochemical,1,https://bebee.com/sg/jobs/operations-executive-refined-oil-products-trading-shenghong-petrochemical-international-pte-ltd-raff--t7xk-755807740
Hawley & Hazel,1,https://thehelpcompany.com/jobs/
Cyclone Robotics,1,https://torc.ai/careers/
Rodgers Reidy,1,https://rodgersreidy.com/careers/rodgers-reidy-graduate-program/
Allianz,1,https://www.allianzlife.com/new-york/about/careers
Leyard/Planar,1,https://www.planar.com/about/careers/
OCP,1,https://teachers-ocps.icims.com/jobs/intro
Wenzel,1,https://wenzel-group.com/en/career
Somnetics,1,https://www.astronics.com/careers
Hosoda,1,https://chan.usc.edu/people/faculty/Lucy_Hosoda
PV Oil,1,https://www.ramosoil.com/company/careers/
Handy & Harman,1,https://jobsearch.harman.com/en_US/careers/SearchJobs
AU Optronics,1,
Aizen,1,https://www.aizensol.com/careers
Silversea,1,https://careers.royalcaribbeangroup.com/
Miniso,1,
Gusmer,1,https://www.gusmerenterprises.com/careers/
L&T Infotech,1,https://www.ltts.com/careers
Federal-Mogul,1,https://www.drivparts.com/careers.html
San Marco Paints,1,https://marcocompany.com/pages/careers
Lextar,1,https://careers.arrow.com/us/en
CyberOptics,1,https://jobs.keysight.com/
Odense Maritime Technology,1,https://spinnaker-global.com/jobseekers/our-sectors/maritime-technology/
Fischer,1,https://www.fischer-group.com/en/careers
Northgate Arinso,1,https://www.northgatemarket.com/careers
Exmar,1,https://exmar.com/en/vacancies/careers-at-exmar-offshore-company/
Solutia,1,https://www.solventum.com/en-us/home/our-company/careers/
Perez-Llorca,1,https://www.perezmorris.com/careers/
Scapa Group,1,https://www.scapahealthcare.com/about-us/healthcare-careers
Vopak/VTTI,1,https://www.vtti.com/careers/vacancies/
Thales Group,1,https://www.thalesdsi.com/careers/
Bell & Ross,1,https://jobs.rossstores.com/search/searchjobs
Lycra Company,1,https://one.lycra.com/en/about-us/careers
FANUC,1,https://www.fanucamerica.com/careers
SATO Pharmaceutical,1,https://www.satoeurope.com/about/careers.php
MicroPort,1,https://www.microportortho.com/about-us/microport-orthopedics-careers/careers-north-america
Indosuez,1,https://jobs.ca-indosuez.com/accueil.aspx?lcid=2057
IEEE,1,
Proterial,1,
RGF,1,https://rfgadvisory.com/careers/
AEON,1,https://aeon-eng.com/careers/
Koyo Kaiun,1,
Oxytarm,1,https://www.karyopharm.com/about/careers/
Datapipe,1,https://www.everpuredata.com/company/careers.html
Giesecke+Devrient,1,https://www.gi-de.com/en/careers/jobs/jobs-detail-view/26873-en-US
Witt/Kieffer,1,
Trio-Tech International,1,https://www.triotech.com/careers/
Epiq Systems,1,https://epiqsolutions.com/careers
IDEX,1,https://idexcorp.com/careers/
Nicholas Hall,1,https://www.nicholashall.co.uk/careers
Luk Fook,1,https://www.simplyhired.com/browse-jobs/companies/Luk-Fook-Jewellery-%E5%85%AD%E7%A6%8F%E7%8F%A0%E5%AE%9D
Gard,1,https://www.gardaworld.com/careers
NEC or NTT,1,https://careers.services.global.ntt/
Soehnle,1,https://www.hfginc.com/careers
FEI,1,https://feisystems.com/careers/
Oki,1,https://www.okinternational.com/careers/
Rorze,1,https://careers.rdw.com/jobs/search
Berluti,1,https://www.insidelvmh.com/job-search
Angelini,1,https://www.angeliniventures.com/careers/
Dassault Systèmes,1,https://www.3ds.com/careers/recruitment-process
Purple,1,https://www.purple.ai/en-us/careers
AsiaSat,1,https://www.asiasat.com/aboutus/careers/careers-at-asiasat
Wilshire,1,https://www.wilshireprop.com/careers
Glodon,1,https://careers.globalp.com/
Borneo Motors,1,https://careers.toyota.com/
ICE,1,https://www.iceservices.net/careers
Hyster-Yale,1,
Hermès,1,https://www.hermesworld.com/int/careers/
Vifor Pharma,1,https://www.cslseqirus.us/careers
Koch,1,https://koch.avature.net/en_US/careers/SearchJobs
Elkem,1,https://www.elkem.com/career/vacancies/
Bernina,1,
Krohne,1,https://www.krohne.com/en/company/career
Haimer,1,https://www.haimer.com/en/career/jobportal
NTT DATA,1,https://careers.services.global.ntt/
Ascendas REIT,1,https://www.capitaland.com/sites/ascendas-firstspace/careers.html
Singapore Post,1,https://www.singpost.com/corporate/careers
STT Communications,1,https://stgcom.com/careers/
Binder,1,http://portlandbindery.com/careers
Esker,1,https://eskerinc.teamtailor.com/jobs/
Mitsui Soko,1,https://www.mitsui.com/us/en/careers/index.html
3M,1,https://www.3m.com/3M/en_US/careers-us/
Asia Pacific Breweries,1,https://careers.theheinekencompany.com/APB-Singapore
SVF,1,https://svf.in/careers/
Ansys,1,https://careers.synopsys.com/
Yamamizu,1,https://www.yamatoamericas.com/about/careers/
Polacel,1,https://www.vcel.com/careers/
Mori Hamada & Matsumoto,1,
CNGR Zhongkuang,1,https://career8.successfactors.com/career?career_company=CGNA&lang=en_US&company=CGNA&site=&loginFlowRequired=true
Littelfuse,1,
Viomi,1,https://www.viome.com/careers
Topcon,1,https://www.topconsolutions.com/company/careers
Ritchie & Bisset,1,https://www.wwhgd.com/careers
Agria,1,https://www.agrisompo.com/about-us/careers/
Kasto,1,https://www.kubotausa.com/careers
1&1,1,https://www.ionos-group.com/jobs-career/job-search.html
Kraft Heinz,1,http://jobs.kraftheinz.com/careers
Collagen Lift Paris,1,https://recordowl.com/company/collagen-lift-paris-asia-pte-ltd
COSCO,1,https://careers.costco.com/jobs/6554?lang=en-us
CBC Healthcare,1,https://www.cobbscreekhealthcare.com/careers
Dr. Wolff,1,https://www.wolfe.com/careers
Trescal,1,https://www.trescal.com.au/careers/trescal-careers/
CRCC,1,https://crccomaha.org/about/careers.html
Dornier,1,https://www.lindauerdornier.com/en/career/
Galab Laboratories,1,https://www.q-lab.com/company/careers
AIWA,1,https://aiwamediagroup.com/career/
B-Temia,1,https://www.b-temia.com/home/careers
Playbox,1,https://www.playboxindoorplayland.com/join-us
Greystar,1,https://jobs.greystar.com/
Sun Ten,1,
Vicor,1,https://www.epicor.com/en-us/jobs/
Sundaram,1,https://www.sundaramhome.in/careers
Yogibo,1,
Afton Chemical,1,https://www.aftoncareersvirginia.com/
NHU,1,https://www.unh.edu/hr/careers
Zoll Medical,1,https://www.zolldata.com/careers
Faci,1,https://careers.dana-farber.org/jobs/facilities-maintenance-skilled-worker/
Rasmussen,1,https://www.rasmussen.edu/about-rasmussen/careers/
Pheim,1,https://jobs.pgim.com/
Daly Electronics,1,https://magna-power.com/company/careers
Fackelmann,1,https://www.fogelman.com/careers-culture/
Tetra Chemicals,1,https://tetratech.referrals.selectminds.com/
UNIPEC,1,https://www.williams.com/careers/
QWQER,1,https://qwqer.in/careers
Aardwolf,1,https://arcticwolf.com/company/careers/
Allpower,1,https://www.allenergysolar.com/company/careers/
Hästens,1,https://career.hastens.com/jobs
Trikomsel,1,https://www.tricom.com/about/our-team/careers.html
Kedacom,1,https://careers.dexcom.com/careers/index
Shennan Energy,1,https://jobs.constellationenergy.com/careers-home/
Wohlrab,1,https://www.rwjbh.org/careers/
Focus Media,1,https://www.focus-entmt.com/en/careers
DFASS,1,https://www.3sixtydutyfree.com/careers/
SIS,1,https://www.sis-usa.com/careers/
UCC Coffee,1,https://ucc-europe.com/careers/switzerland/
Geuder,1,https://careers.herzog.com/jobs
ABEAM,1,
H+S Technologie,1,https://www.hsinc.us/careers/
Tesla,1,
Shell/Raizen,1,
Threadneedle/Columbia Threadneedle,1,
bpost,1,https://jobs.postholdings.com/postconsumerbrands-home
St. Augustine Gold and Copper,1,https://www.highlandcopper.com/careers/
The Standard Club,1,https://www.standardclub.org/join-our-team
LiuGong,1,https://liugongindia.com/about-liugong/careers/
AUMA,1,https://auma-drives.com/en/company/careers/
Eu Yan Sang,1,https://www.goodjobs.com.sg/employers/eu-yan-sang-singapore-pte-ltd
Burke Brands,1,https://www.hormelfoods.com/careers/career-center/our-locations/burke-corp-nevada-iowa/
Exertis,1,https://www.exertissupplychain.com/careers/
SICO,1,https://careers.sysco.com/en/location/san-antonio-jobs/1105/6252001-5481136-5489463/4
Manuport,1,https://www.swissport.com/careers
Clasquin,1,https://www.clasquin.com/career/trainees/
IOI Corporation,1,https://www.ioiproperties.com.my/career-opportunities
Foster Electric,1,https://www.fosterelectricalassembly.com/quality-/career-opportunities
Bed Bath & Beyond,1,https://www.beyond.com/corporate/careers
Carpenter Technology,1,https://www.carpentertechnology.com/careers
CMBI,1,https://sg.cmbi.com/en-US/join-us
U.S. Dairy Export Council,1,https://www.usdairy.com/about-us/dmi/careers
Nagatsuka,1,https://www.otsuka-us.com/careers-join-otsuka
Sea Limited,1,https://www.sea.live/careers-at-sea/
Hilzinger,1,https://bebee.com/us/jobs/foreman-maintenance-machine-set-up-technician-hilzinger-america-corp-medina-oh--t7xk-756445854
Sumitomo Forestry,1,https://www.sumitomocorp.com/en/asia-oceania/sapl/careers
Kirsch,1,https://www.justia.jobs/employer/kaplan-kirsch-llp-11770
Merit Medical Systems,1,https://www.merit.com/careers/
Yale,1,https://careers.yale.edu/us/en/
Jingye,1,https://www.jobsohio.com/careers
Tilleke & Gibbins,1,
Kuehne + Nagel,1,
PTSC,1,https://www.ptsc.com.vn/en-US/careers
Cardia,1,https://www.syncardia.com/careers.html
Premark,1,https://careers.primark.com/en
Tikehau,1,
Infraco,1,https://dwguk.com/about-us/careers/
YTL Corporation,1,https://ytlconstruction.com/our-people/a-career-with-us/
Expansys,1,https://www.enersys.com/en/careers/
Dai-Dan,1,https://careers.daicompanies.com/
H.B. Fuller,1,https://jobs.hbfuller.com/
OPEM,1,https://www.governmentjobs.com/careers/michigan
Daldrop,1,https://www.daldrop.com/en/career/project-manager-for-building-automation-m-f-d/
Eltov,1,https://www.eltonjohnaidsfoundation.org/careers/
SEKO Logistics,1,https://www.sekologistics.com/en/about/careers/
Reliance,1,https://www.rjreliance.com/careers
Dong-A,1,https://workforce.iowa.gov/jobs/openings
Kellogg Brown & Root,1,https://www.brownandroot.com/join-our-team/
KLU,1,https://cu.taleo.net/careersection/2/moresearch.ftl?lang=en
Vend,1,https://vendpark.io/careers
Woori Bank,1,
Amphenol,1,https://www.amphenolenergy.com/careers/
Cambridge University Press,1,
Buben & Zorweg,1,https://razny.com/collections/buben-zorweg?srsltid=AfmBOoryTgjxshboDNTnlRn0td_FS6KVMtChQN7m9qrBPhX3b96hgpIf
Xchanging,1,https://careers.dxc.com/
ITUC,1,https://www.eurobrussels.com/jobs_at/ituc_international_trade_union_confederation/1686
King & Spalding,1,https://www.kslaw.com/pages/current-openings-experienced-lawyers
Landmark Worldwide,1,http://www.landmarkworldwide.co.za/about/contact-us
Crane,1,https://www.craneengineering.net/careers
ISC2,1,https://isc2-eastbay-chapter.org/careers/
Kawajun,1,https://www.kawajun.inc/careers
Havas,1,https://jobs.jobvite.com/thehavasgroup/
Amann Girrbach,1,https://career.amanngirrbach.com/lehre-eng.html
Neosem,1,https://careers.emdgroup.com/us/en/
AGV,1,https://www.proxaut.com/en/work-with-us
Logos,1,http://job-boards.greenhouse.io/logos
Performance Specialty,1,https://ryanspecialty.com/careers/
Trane,1,https://www.tranetechnologies.com/en/index/careers.html
San-Ei Gen F.F.I.,1,
Sitel,1,https://jobs.foundever.com/go/Work%40Home-Jobs/9237700/
DB Schenker,1,https://www.dsv.com/en/careers
TuSimple,1,
Nuven Medica,1,https://www.nuvemrx.com/careers
Sumitomo Rubber,1,https://sumitomorubber-usa.hrmdirect.com/employment/careers.php
Trinity,1,https://www.trinityservices.org/careers
TPM Flavour,1,https://www.flavorman.com/about-flavorman/careers
Conair,1,https://jobs.jobvite.com/conair/
Cubic Corporation,1,
Stewart Murray,1,https://www.bitwisegroup.com/team/stuart-murray/
Resysta,1,http://job-boards.greenhouse.io/cresta
Tallink,1,https://company.tallink.com/jobs-and-careers/job-offers
BDP International,1,https://psabdp.com/careers/employee-experience
SANS Institute,1,https://www.sans.org/mlp/careers
Preformed Line Products,1,https://plp.com/careers
Hojyo,1,https://hoj.net/pages/careers?srsltid=AfmBOoqveeY6mhI3FmQ_M6BlS2i6riNpse9EGpC45EKJUT0wX-DysXeo
Globecast,1,https://www.globecast.com/about-us/careers-work-for-us-jobs/
Rutronik,1,https://www.rutronik-careers.com/en/jobs
Alexander Hughes,1,https://www.alexanderhughes.com/join-us/
CTI,1,https://www.cti-ia.com/careers
Incoe,1,https://www.ncelectriccooperatives.com/careers
SAL Heavy Lift,1,https://www.harren-group.com/careers/at-sea
Fufeng,1,https://www.fufengusa.com/careers
JNP Medi,1,https://www.novonordisk-us.com/careers/find-a-job.html
Coffin,1,https://www.batesville.com/about-us/careers/
Cover-More,1,https://www.travelguard.com/about-us/careers
ABC Cooking Studio,1,https://www.abckitchen.nyc/careers/
Scotsman Industries,1,https://careers.scotsman.group/jobs.aspx
Xinhua,1,
D'Addario,1,https://bebee.com/gb/companies/daddario-company-inc
Remsafe,1,https://www.metrofamily.org/careers/
Iress,1,https://www.iress.com/join-us/careers/
Spruson & Ferguson,1,https://careers.iphlimited.com/
Mobifone,1,
Kaiser Foods,1,https://kp.taleo.net/careersection/external/jobview.ftl
EO Technics,1,https://e-o.solutions/careers/
Haitian,1,https://www.santla.org/careers
Chasen Logistics,1,https://www.chasen.com.sg/career.php
Roca,1,https://www.roca.com/about-roca/join
McLarens,1,https://mclarenhlth.taleo.net/careersection/mclaren_external_career_section/jobsearch.ftl?lang=en&portal=8100020988
Garbe,1,https://grr-garbe.com/en/careers
Thomas Miller,1,https://www.thomasmillerclaims.com/about-us/careers-with-tmcm/
Garena/Sea Limited,1,
Coach,1,https://careers.coachusa.com/
Duferco,1,https://www.ferrara.com/us/en/careers
Chimbusco,1,
Reyl,1,https://www.relias.com/careers
APG,1,https://apgsolutions.com/careers?srsltid=AfmBOopMwe8KaTkdhekWvVr_Of9MKcnlZ-Sv4C3HByJCJBL2TYmhDnZ-
Ruijie,1,https://bebee.com/us/jobs/network-engineer-ruijie-networks-new-york--lensa-7428_8baa65293f1165cdb06c475901f3d0ff6b494257aa4f7b4b0489d15a6c4070c2
Matsuda Sangyo,1,https://markets.ft.com/data/equities/tearsheet/profile?s=7456:TYO
Miyoshi,1,https://www.miyoshi.biz/career.html
Helmke,1,https://www.helmgroup.com/our-people/careers/
Managed Objects,1,https://atomicobject.com/careers
Interflon,1,https://interflon.com/us/careers
SPB CPG,1,https://www.bravocpg.com/careers
NSK Nakanishi,1,https://www.nakanishi-manufacturing.com/careers
ARI-Armaturen,1,https://careers.ari-armaturen.com/en/
Medica,1,https://www.medicacorp.com/about/careers/
ABS-Kimsign,1,https://www.abs-group.com/Careers-at-ABS-Group/
Greenply Alkemal,1,https://mapal.com/en-us/mapal-career
Yeti,1,https://eu.yeti.com/pages/yeti-careers
Brother,1,https://careers.brother.com/jobs
Yamazen,1,https://www.yamazen.com/about/careers
Bristol-Myers Squibb,1,https://careers.bms.com/in/
Sichuan Sanjia,1,https://www.sycuan.com/employment/
Henley & Partners,1,https://www.henleyglobal.com/about/careers
Hai Tian,1,https://www.hain.com/careers/
Balenciaga,1,
JOYY,1,https://www.yahooinc.com/careers/
Kiswel,1,https://en.kiswel.com/recruit/index.asp
W. E. Cox,1,https://www.coxandco.com/careers.html
Greenwheels,1,
TPG Capital,1,http://job-boards.greenhouse.io/tpgcareers
Park Royal,1,https://jobs.leehealth.org/jobs/
Jebsen & Jessen,1,https://careers.jjsea.com/Home/External
Pentax,1,https://www.pentaxmedical.com/us/careers/jobs
Biesse,1,https://biesse.com/us/en/job-opportunities/
Schutz,1,https://www.schuetz-packaging.net/schuetz-usa/en/careers/perrysburg-ohio/
Cendyn,1,
Advario,1,https://talents.vaia.com/companies/advario/entry-level-operator-23989705/
Daiichi Jitsugyo,1,https://careers.daiichisankyo.us/
Stamford,1,https://www.governmentjobs.com/careers/stamfordct
Mitsui Chemicals,1,https://us.mitsuichemicals.com/career/jobsearch/jobopenings/index.htm
Oishi Group,1,https://www.osigroup.com/careers/
Gstaad,1,https://huusgstaad.com/accommodation/careers/
LDS Church,1,https://www.churchofjesuschrist.org/life/help-for-job-seekers?lang=eng
Neville-Clarke,1,
EM-TECHNIK,1,
Borderfree,1,https://www.global-e.com/en/careers/
Hankyu Travel,1,
Kellogg,1,https://www.wkkellogg.ca/en/careers
Fiereiitaliane,1,https://lingottofiere.it/en/work-with-us/
Redwood,1,https://www.redwoodtrust.com/careers
Prada,1,https://jobs.pradagroup.com/go/HUMAN-RESOURCES/4638601/
Hakoniwa,1,https://www.koniag-gs.com/careers/
Danley Sound Labs,1,
Osato,1,https://www.sunopta.com/careers/
Anabuki,1,https://careers.boozallen.com/locations/indopacific
Blumenthal,1,
Pan Ocean,1,https://www.panship.net/career.php
Headlands Technologies,1,https://job-boards.greenhouse.io/headlandstechnologiesllc
Sina,1,
Troendle,1,https://troon.com/about/career-opportunities
Asahi Kokusai,1,https://www.asahigroup-holdings.com/en/careers/
Bulkhaul,1,https://bulkhaul.com/job-advert-cleaner/
JBT Marel,1,
CL E-Logistics,1,https://www.cletransportation.com/wba/content/careers/open-positions/
J Trust,1,https://www.orangebanktrust.com/careers/
UIPM,1,https://www.uipmworld.org/uipm-headquarters-and-staff-team
Modern Pilates,1,https://www.gooddaypilates.com/careers
Goodrich,1,https://careers.rich.com/
Qiagen,1,https://www.qiagen.com/us/careers
Fiamm,1,https://bebee.com/us/jobs/key-account-manager-fiamm-technologies-llc-farmington-mi--theirstack-738554270
Stonex,1,https://www.stonex.it/about-us/stonex-careers/
Gogoro,1,https://www.evgo.com/company/careers/
Draeger,1,https://www.draeger-mo.com/en/pageid/job-news
Tsubakimoto,1,https://tsubaki.eu/jobs/vacancies/
Menicon,1,
KSMC,1,https://kp.taleo.net/careersection/external/jobdetail.ftl?job=1408616&lang=en
O9 Solutions,1,
Bein,1,https://beinmedia-talent.freshteam.com/jobs
Gelman,1,https://www.gormanusa.com/careers-at-gorman-company/
Mercedes-Benz,1,https://www.mbusa.com/en/careers
Perma-Liner Industries,1,https://www.permapipe.com/careers
WNS,1,https://www.wnscareers.com/
Tool-Temp,1,https://www.kleintools.com/careers
Ebm-papst,1,https://www.simplyhired.com/search?q=ebm-papst&l=farmington%252c%2520ct
Baseus,1,https://www.olympusamerica.com/careers
Sekisui,1,https://www.sekisuiaerospace.com/careers
ESPN,1,https://jobs.disneycareers.com/espn-jobs
Elbit Systems,1,https://www.elbitsystems-uk.com/careers
Nissei Electric,1,https://www.neielectric.com/careers
Ascott,1,
Kimberly-Clark,1,
Becht,1,https://www.bechtbt.com/careers
Xerafy,1,
Lecip,1,https://cipworldwide.org/careers/
Selco,1,https://www.selco.org/why-selco/careers/
VRIgroup,1,https://research.vitalant.org/about/careers
O2Micro,1,https://www.trendmicro.com/en_us/about/careers.html
Travel Blue,1,https://travel-blue.com/careers/
Go-Jek,1,https://gojek.github.io/careers/
Ziehl-Abegg,1,https://career.ziehl-abegg.us/careers
KB Financial Group,1,https://jobs.bokf.com/
Revolution Analytics,1,https://www.evolutionanalytics.com/careers/
Changhong,1,https://au.seek.com/changhong-jobs/in-Melbourne-VIC-3000/full-time
UFI Express,1,https://unitedexpresslogistic.org/careers
Yatsen Holding,1,
Albemarle Corporation,1,https://www.albemarle.com/us/en/careers/us-career-paths
Massive Monster,1,
Enjoytown,1,https://jobs.jobvite.com/parts-town/jobs
Sauter,1,https://sauter.com.sg/careers/
Delacour,1,https://agincourtresources.com/careers/
Tillberg Design,1,
BOE,1,https://www.beobank.com/career-opportunities
Bertschi,1,https://www.bertschi.com/en/career
Aiwa,1,https://aiwamediagroup.com/career/
Peabody Energy,1,https://jobs.peabodyenergy.com/
SEW,1,
Bernhard Schulte,1,https://www.bs-shipmanagement.com/careers-on-shore/
Catholic Healthcare,1,https://www.chsbuffalo.org/careers/
Heineken,1,https://careers.theheinekencompany.com/
Electrolux,1,https://www.electroluxprofessionalgroup.com/en/join-us/
Rimbunan Hijau,1,https://rhpng.com/careers/careers-at-rh/
TE,1,https://careers.te.com/
Knorr-Bremse,1,
Georg Duncker,1,https://georg-duncker.com/career/
Zenith Data Systems,1,https://zenithtechtx.com/careers
TÜV Saarland,1,https://sgs-tuev-saar.com/en/our-company/career
Elmos Semiconductor,1,https://www.elmos.com/english/career/working-at-dosemi/find-a-job-apply-now.html
ARINC,1,https://www.astronics.com/careers
Ma'aden,1,https://www.maaden.com.sa/en/careers/working
Penumbra,1,
Stella Chemifa,1,
Jameel,1,https://careers.alj.com/
ACCRETECH,1,https://careers.emdgroup.com/us/en/search-results
AutoPot,1,
Maplebear,1,https://www.maplebearsouthasia.com/careers/
Klick Health,1,
Bansbach,1,https://wittenbach.com/careers/
LTX-Credence,1,https://www.daijob.com/en/jobs/company/16187
Winhealth,1,https://www.winfamilyservices.org/careers/
CTI Chemicals,1,https://www.cti-crm.com/careers-at-cti/
Prince Albert II Foundation,1,https://avpn.asia/organisation/prince-albert-ii-of-monaco-foundation/
Church & Dwight,1,https://churchdwight.com/
Heller Machine Tools,1,https://us.heller.biz/career
CyberLogitec,1,https://itviec.com/companies/cyberlogitec-vietnam-co-ltd
Chemicals Container Lines,1,https://www.crowley.com/careers/
Lamborghini,1,https://jobs.volkswagen-group.com/Lamborghini/
Van Vliet,1,https://bandana.com/jobs/c70deb09-1765-4d59-8efc-5f2840a85efe?srsltid=AfmBOorgGGqFl1qkJ4H7OIXkWGBmlcg-FUdsV-4w65Ylu-G00nMTeHgW
NABBA WFF,1,https://www.nwf.org/About-Us/Careers
Norden,1,https://www.lynden.com/careers/
Petredec,1,
Saitek,1,https://www.sagitec.com/careers
Niigata Power Systems,1,https://www.ihipower.com/careers/
India Infrastructure Fund,1,https://niififl.in/careers
Angewa Chemie,1,https://www.academicjobs.com/academic-journals/angewandte-chemie-international-edition/327
Windsor Airmotive,1,https://www.careers-page.com/barnes-aerospace
KTH,1,https://staffmark.com/locations/leesburg-al/
GF,1,https://www.uponor.com/en-us/careers
Trendwatching,1,https://www.trendwatching.com/careers
L-TRAXX,1,https://www.traxcu.com/about/careers.html
BREP/Skyy,1,https://www.bsp-ins.com/careers/
NXP Semiconductors,1,
DEIF,1,https://career.deif.com/working-at-deif/benefits-perks/
INTCO,1,https://www.intcomedical.com/news/info/INTCO-Medical-Launches-2026-INTCO-YOUNG-Program-for-500-New-Graduates.html
Widex,1,https://careers.wsa.com/
Tangentia,1,https://www.tangentia-edi.com/careers/
Edmund Tie,1,https://www.related.jobs/careers-home/
Trowers & Hamlins,1,https://www.lawcareers.net/Solicitors/Trowers-Hamlins-LLP
UPM-Kymmene,1,https://www.upmet.com/about/careers
Coats Group,1,https://www.coatsdigital.com/en/careers/
L'Oreal,1,https://careers.loreal.com/
Dai Nippon Printing,1,https://dnpphoto.com/en-us/About/Careers
Yamatoya,1,https://www.yoshinoyaamerica.com/careers
AT&T,1,https://www.att.jobs/
Koshin Kogyo,1,
Centersquare Investment Management,1,https://www.csquare.com/careers
Mayoly Spindler,1,https://www.novonordisk-us.com/careers/find-a-job.html
Clarkson,1,https://www.clarksoncollege.edu/about/employment-opportunities
Tongling Electric,1,https://www.governmentjobs.com/careers/metrocouncil/jobs/5253351
Watson Farley & Williams,1,https://www.wfw.com/careers/
Falko Aviation Capital,1,
Shinkawa Electric,1,https://recordowl.com/company/shinkawa-electric-asia-private-limited
Lactalis,1,https://www.lactalis.ca/careers/
Nichicon,1,https://careers.iconplc.com/jobs
H2O.ai,1,https://h2oai.applytojob.com/apply
Guess,1,https://sjobs.brassring.com/TGnewUI/Search/Home/Home?partnerid=25813&siteid=5178
Beijing Hualian,1,https://www.about.hsbc.com.cn/careers
Bizerba,1,https://www.bizerba.com/us/en/family-owned-and-operated-company-since-1866/jobs
Halyard Health,1,
Piguet & Meylan,1,https://www.piguetgalland.ch/en/careers
Vroon,1,https://www.vroon.nl/vacancies
Naver,1,http://job-boards.greenhouse.io/navervietnam
AIER,1,https://www.aierindia.com/jobseeker
Areva,1,https://framatome-careers.silkroad.com/Careers/EmploymentListings.html
Harvey Nash,1,https://careers.harveynashusa.com/list-of-open-job-opportunities
Chemetall,1,https://www.surventiscoatings.com/career
Tombo,1,https://www.toonimo.com/en/careers
Hewlett-Packard,1,https://careers.hpe.com/us/en/careers-at-hpe
Wevo Chemical,1,https://www.wevo-chemie.de/en/about-wevo/careers/job-vacancies
Ticketmaster,1,https://www.showbizjobs.com/jobs/company/ticketmaster
Screen,1,https://www.verticalscreen.com/careers/
Avis Budget Group,1,https://www.avisbudgetgroup.com/
Safilo Group,1,
Longyuan,1,https://www.kontoorbrands.com/careers
Mosca,1,https://visitmosac.org/about/careers/
C.T. Hansen,1,https://www.hansencx.com/careers/
Liby,1,https://jobs.jobvite.com/overdrive/?nl=1&fr=false
CEMB,1,
Balmain,1,https://balmain-career.talent-soft.com/
Mermec,1,https://www.mermecgroup.com/northamerica/64/career.php
Globalstar,1,https://www.globalstar.com/en-us/corporate/careers
Trotec Laser,1,https://www.simplyhired.com/browse-jobs/companies/Trotec-Laser
Toho,1,https://www.tohowater.com/careers
Keywords Studios,1,https://apply.workable.com/keywords-intl1/
FIS (Fiserv),1,https://careers.fiserv.com/
Heidelberg,1,https://www.heidelberg.com/us/en/about_heidelberg/career/careers_at_heidelberg_usa/careers_at_heidelberg.jsp
Kansai,1,https://www.kansaialtan.com.tr/career-at-kansai-altan
Validus,1,https://validus-energy.com/careers
Bourbon,1,https://www.rabbitholedistillery.com/pages/careers
Shiji,1,https://www.shijigroup.com/careers
CJ,1,https://jobs.jobvite.com/cjlogisticsamerica/jobs
Leclanché,1,https://www.leclanche.com/careers/
PharmaEssentia,1,https://www.pharmaessentia.com/
Getz Bros,1,https://getz.co/careers/
Estes,1,
Swan & Maclaren,1,https://www.foundit.my/job/project-architect-swan-maclaren-group-johor-51550338
Nexif Ratch,1,
Columbia Shipmanagement,1,https://www.columbiaaurus.com/vacancies
Fenix Outdoor,1,
Vesco,1,https://www.wesco.com/us/en/our-company/careers/career-opportunities.html
Altrad,1,https://uk.altradservices.com/careers/
Clarilis,1,https://www.lexisnexis.com/global/careers.page
Domino's Pizza,1,https://careers.smartrecruiters.com/Dominos
Access Health,1,https://www.myaccesshealth.org/careers
CrimsonLogic,1,https://www.crimsonlogic.com/why-join-us
Heidrick & Struggles,1,https://www.heidrick.com/en/careers
Suntec,1,
Beverly Hills Cancer Center,1,https://www.bhcancercenter.com/resources/careers/
Hatenboer-Water,1,https://www.denverwater.org/careers
Saudi Aramco,1,https://careers.agoc.com.sa/
Sensata Technologies,1,
Tikehau Capital / Kay Hian,1,
Beijing Hualian Hypermarket,1,https://www.about.hsbc.com.cn/careers
Todai,1,https://www.todaysbank.com/about/careers
Milton Exhibits,1,https://skyline.com/careers
C. Steinweg,1,https://www.steinweg.com/careers/freight-forwarder-customer-service-logistics-specialist/
IFS,1,https://www.intfs.com/careers/
OSHA,1,https://www.governmentjobs.com/careers/northcarolina/jobs/3997463/osha-safety-compliance-officer-i?location[0]=wake&department[0]=Dept%20of%20Labor&sort=PositionTitle%7CAscending&pagetype=jobOpportunitiesJobs
Naturally Plus,1,
Wilmar International,1,https://careers.wilmarsugar-anz.com/search/page/1
Harting,1,https://www.harting.com/en-US/careers
Noumi,1,https://neiljonesfoodcompany.com/careers/
Sunmi,1,https://www.georjob.com/companies/sunmi-s-nhninwzqaycpomjbxzjillnrusxxrv
Obayashi,1,https://www.jerocorp.com/work-at-ro
JERA,1,https://www.jeragm.com/careers
Prison Fellowship International,1,
MOL Group,1,https://molgroup.taleo.net/careersection/mobile/jobsearch.ftl
Soudronic,1,https://soudronic.com/career/
R-Pharm,1,https://www.renpharm.com/careers/jobs/
ACM Research,1,https://acmwillowrun.org/careers/
Checkout.com,1,https://www.checkout.com/jobs
CITIC,1,https://www.citicpacific.com/en/careers/
Jiuzhou Pharmaceutical,1,
Winterhalter,1,https://www.winterhalter.com/careers/
ECCO,1,https://enter.ecco.com/
Ningbo Yongxin,1,https://recordowl.com/company/ningbo-yongxin-optics-singapore-pte-ltd
Cambiaso & Risso,1,https://careersgibraltar.com/companies/cambiaso-risso
Tri-Wall,1,https://tri-wall.at/en/your-career
Nagashima Ohno & Tsunematsu,1,https://www.nagashima.com/en/careers/
Brookfield/Private Equity,1,https://www.brookfield.com/careers/life-at-brookfield
TVB,1,
Weinert,1,https://careers.gevernova.com/wind-technician-horse-creek-weinert-tx/job/R5044820
NH/JSF,1,https://careers.jsginc.com/jobs-in/Salem/NH
ACEN,1,https://www.anec.com/about-anec/careers/
Danisco,1,https://careers.danone.com/us/en/jobs.html
Miraclon,1,https://www.miraclon.com/about/careers/
Ryan Specialty,1,https://ryanspecialty.com/careers/
Koizumi,1,https://www.neocis.com/about-us/careers/
Arkturing,1,https://www.builtincolorado.com/jobs/marketing
SunEdison,1,https://www.coned.com/en/about-us/careers
Perennial,1,https://www.perennialsandsutherland.com/psuth/careers/
Vice Media,1,https://www.vicemediagroup.com/workinghere/
Dynabook,1,http://us.dynabook.com/company/careers/toshiba-benefits/
TeamTailor,1,
Landbell,1,https://landmark.careers/
Liberty,1,https://careers-libertymutual.icims.com/jobs/intro
Alvarez & Marsal,1,https://alvarezandmarsaltax.com/careers/
Kuhnezug,1,
Leni Brands,1,https://www.lennys.com/careers/
Datadog,1,
Brinks,1,
Pureprofile,1,https://www.uplers.com/company/pureprofile-1145
Hanjin,1,https://hogan1.com/careers/
ContiTech,1,https://continental.aero/careers/
TWG Tea,1,https://www.twgdev.com/careers
CNGR,1,https://cnginc.com/careers/career-opportunities/
PetroChina,1,https://www.petrochinacanada.com/careers/career-opportunities.html
Gymboree,1,https://gymboreeclasses-dach.com/job-opportunities/
Allied Automotive,1,https://alliedbody.com/careers/
HPray,1,https://lunerahealth.org/about/careers/
Taimei Xingcheng,1,https://ilovetaimei.com/careers/
Avaloq,1,https://www.avaloq.com/careers
Huper Optik,1,
Fossil,1,https://www.efm.org/careers
Rods & Cones,1,https://www.cones.com/home/company/careers/
PRA Group,1,
Snap-on,1,https://careers-snapon.icims.com/jobs/intro
Velovita,1,https://www.vtjoliet.com/about/employment-opportunities/
Fischer Connectors,1,https://fischerconnectors.com/en/about-us/join-us/job-openings/
Antalis,1,https://www.simplyhired.co.uk/browse-jobs/companies/Antalis
Winterthur,1,https://www.winterthur.org/join-our-team/
Mitsubishi Logistics,1,https://www.logisnextamericas.com/en/logisnext/about-us/careers
Semisysteme,1,https://www.silabs.com/about-us/careers
Ikegami Electronics,1,https://yeu.com/careers/
AVK,1,https://www.avktechinc.com/careers/
IATA,1,
Noritsu,1,https://noritsu-rx.com/careers-at-noritsu/
Zoomlion,1,https://en.zoomlion.com/about/career.htm
CETC,1,https://www.cotc.edu/job-seekers
Taliworks,1,https://www.taloving.com/careers
Jindal,1,https://www.jindalstainless.com/careers/
Nordic Industries,1,https://www.nordicgroup.com/careers/
Billerud,1,https://www.billerud.com/career/vacancies/tips-when-applying-for-a-job
AMC,1,https://sjobs.brassring.com/TGnewUI/Search/Home/Home?partnerid=25572&siteid=5197
Lea+Elliott,1,https://elliotengineeringinc.com/careers/
JD.com,1,https://careers.jdplc.com/en/jobs
Huayou Cobalt,1,http://job-boards.greenhouse.io/cobaltio
YHI,1,https://www.ihi.org/about/careers
Zoller,1,https://zoller-uk.com/careers/
Guotai Junan Securities,1,
Lantal,1,https://www.jobs.ch/en/companies/11830-lantal-textiles/
Lloyd's Register,1,https://jobs.lr.org/
Palfinger,1,https://www.palfinger.com/worldwide/en/career/our-hiring-process.html
Jiangsu Provincial Construction Group,1,https://www.thompsonconstructiongroup.com/careers
Hoffmann Group,1,https://www.hoffmancorp.com/careers/
Corporación Financiera Alba,1,https://albaform.com/careers/
Boustead,1,https://www.livehire.com/careers/boustead/jobs
Empyrion,1,https://goempyrean.com/company/careers
Farmina,1,https://www.farmina.com/us/farmina/5287-career-opportunities.html
Shinkin,1,https://careers.tompkinsfinancial.com/jobs
Blockchain.com,1,https://www.blockchain.com/careers
Corston-Smith,1,https://www.corston.us/pages/careers?srsltid=AfmBOopI17MjrdPKpH2e_wuJ6d2N8B7FvEZAkCZMNqtyiuwHA6El8SIk
Rémy Cointreau,1,https://remy-cointreau.jobs.hr.cloud.sap/
Delegat Group,1,
KPJ Healthcare,1,https://www.kaiserpermanentejobs.org/search-jobs
Marorka,1,
Daiohs,1,https://firstchoiceservices.com/careers/
Avocent,1,https://careers.veritiv.com/us/en/search-results
TAL International,1,https://www.tritoninternational.com/careers/open-positions
Rubis,1,https://rubis-ci.co.uk/careers/
DFI Retail,1,https://www.dfiretailgroup.com/en/careers-at-dfi/talent-programmes/
Hannover Messe,1,https://www.hannovermesse.de/en/side-events/special-events/femworx/job-talks
Abrablast,1,https://sandblastinc.com/pages/careers?srsltid=AfmBOoqcSK8ashx2PC37pcHK7BLqMd005IqH-lm50LIVrCKDXf_F5gmp
GLP,1,https://www.novonordisk-us.com/careers/find-a-job.html
Doosan Bobcat,1,https://www.bobcat.com/eu/en/company/careers
Walkers,1,https://walkerconsultants.com/careers/join-us/
Röhlig,1,https://www.crowley.com/careers/
Flagship Pioneering,1,https://www.flagshippioneering.com/
Doehle,1,https://www.elizabethdolefoundation.org/about/careers
CMIC,1,https://careers-shimmick.icims.com/jobs/3042/application-support-specialist-%28cmic%29/job
FD Interconnect,1,https://www.smiths.com/careers
Blanco,1,https://www.foxrccareers.com/main/foxrc/blanco/careers-home
Solstad,1,https://www.randstadusa.com/
Korea Investment Partners,1,https://www.kic.kr/en/careers/careers
Angang,1,https://www.sicangu.co/careers
By Terry,1,https://fancyterry.com/careers/
MBC Advisors,1,https://www.jrcpa.com/careers/
Moscow Container Line,1,https://www.aclcargo.com/careers/
Growatt,1,https://us.growatt.com/about/join-us
Mediaplus,1,https://mediaplussea.com/careers/
Risen Energy,1,https://www.solvenergy.com/careers
Brighton College,1,https://www.brightoncollege.org.uk/careers
Bio Basic,1,https://www.biobasic.com/company-careers/
Best Seal,1,https://www.seal.security/company/careers
Wattens,1,https://jobs.goabroad.com/search/austria/wattens/jobs-abroad-1
Elsner,1,https://www.uplers.com/company/elsner-technology-5183
Mitsui Fudosan,1,https://www.mitsui.com/us/en/careers/index.html
Daiichi Life,1,https://www.dai-ichiindia.com/careers/
Chow Tai Fook,1,
Shandong Port,1,https://www.swissport.com/careers
Tsuruoka,1,https://jobs.guidable.co/en/offers/12182
Kurt Mitterfellner,1,https://recordowl.com/company/kurt-mitterfellner-asia-pte-ltd
Schawk,1,https://us.gsk.com/en-us/careers/
Ardmore,1,https://www.governmentjobs.com/careers/ardmorecity
VHG,1,https://www.vhghotels.com/careers
Millennium IT,1,https://www.careers-page.com/mitesp
Integra LifeSciences,1,
Rajah & Tann,1,https://sg.rajahtannasia.com/careers-singapore/
Targochem,1,https://starchemglobal.com/careers/
ENAM,1,https://careers.aam.com/en/search-jobs
ADF,1,https://www.adfcareers.gov.au/
AECOM,1,https://aecom.com/careers/
Gradiant,1,https://gradientcorp.com/careers/
Allscripts,1,https://veradigm.com/about-veradigm/careers/join-our-team/
Laerdal,1,https://laerdalglobalhealth.com/about-us/vacant-positions/
Murr Electronics,1,https://www.murrinc.com/us/company/careers/jobs-1/
Fubon Insurance,1,https://www.fubonbank.com.hk/en/careers.html
Archroma,1,https://www.archroma.com/careers
PRGx,1,https://recruit.hirebridge.com/v3/jobs/list.aspx?cid=7765
O.C. Tanner,1,https://careers.tanner.org/careers-home
HBO,1,https://www.showbizjobs.com/jobs/company/hbo
IQOS,1,https://agileretail.teamtailor.com/departments/iqos
Xiabuxiabu,1,
COFCO,1,https://www.agcareers.com/cofco-international-company-261024.cfm
OneFootball,1,https://company.onefootball.com/careers/
Miwe,1,https://www.miwe.de/ag-en/jobs/jobboerse/
Hioki,1,https://izanau.com/article/view/careers-at-hioki-nagano-2
Pulse Electronics,1,https://www.pulsetechnology.com/careers
Ensinger,1,https://www.ensingerplastics.com/en-gb/career-uk/vacancies
Medicaroid,1,https://medicaroid.jobinfo.com/public/description.php?jid=9915660
Hai Robotics,1,https://hairoboticseurope.jobs.personio.com/?language=en
VASS,1,https://www.vastspace.com/careers
Kunstgiesserei St.Gallen,1,https://www.unisg.ch/en/university/working-at-hsg/jobs/
Terberg,1,https://www.terbergspecialvehicles.com/en/Careers/
Budenheim,1,
Freyr,1,https://www.freyrsolutions.com/careers/current-positions
Tod's,1,https://www.velvetjobs.com/company/tod-s/tod-s-careers
Continental,1,https://www.continental.com/en/career/
Aegion,1,https://www.workatinsituform.com/
VFS Global,1,https://www.vfsglobal.com/en/individuals/careers/career-at-vfs.html
Performance Data,1,https://www.governmentjobs.com/careers/montgomerycountymd/jobs/newprint/4861758
VTI,1,https://validation.org/careers/
Digital China,1,https://www.westerndigital.com/careers
BTS,1,https://unleashbts.com/careers/
Elof Hansson,1,
Baumer,1,https://www.baumerhhs.com/about-us/career
Cubic Telecom,1,
Perkins and Will,1,https://perkinswill.com/careers/
Gate Gourmet,1,https://gategroup.com/careers/
CHT,1,https://www.thechc.com/careers/
SANY,1,https://www.sanyamerica.com/careers/
HMD Global,1,https://www.nokia.com/careers/
General Electric,1,https://careers.gevernova.com/
Great-West Life,1,https://www.westtexas.nyloffices.com/careers
Just Kliin,1,https://www.kleinattorneys.com/about-klein-law-group/careers/
Buskowitz Energy,1,
Binal,1,https://www.vailhealth.org/careers/
Power China,1,https://jobs.siemens-energy.com/en_US/CareersMarketplace/searchJobsChina
DFS Group,1,https://diversefacilitysolutions.com/careers/opportunities/
Dahua Technology,1,https://join.com/companies/dahuadach
Cartoon Network,1,https://www.velvetjobs.com/company/cartoon-network/cartoon-network-careers
Tokai Tokyo,1,https://www.tokaicarboncb.com/careers
Meikai Chemical,1,
Delvaux,1,https://careers.wonderful.com/
Voestalpine Bohler,1,https://www.voestalpine.com/welding/us-en/company/career/current-vacancies/
Stulz,1,https://careers-us.stulz.com/
Chemi-Con,1,https://us.mitsubishi-chemical.com/careers/
Intage,1,https://www.indium.com/corporate/careers/
Pop Mart,1,
Stepan Company,1,https://jobs.stepan.com/
The Coffee Bean & Tea Leaf,1,https://www.coffeebean.com/pages/careers
Dr. Oetker,1,https://www.oetker.us/careers
Baltic Control,1,
LGT Group,1,https://www.lgtwm.com/au-en/careers
Dr. Stik Chemie,1,https://www.evonik.com/en/careers/opportunities/chemists-science.html
FAUDI,1,https://www.audi.com/en/careers-at-audidriven-by-tech-driven-by-people-17124
Hydro-Star,1,https://www.echostar.com/careers
Transworld Relocation,1,https://transworldfoodservice.com/careers.htm
Oracle (MICROS),1,https://www.oracle.com/careers/opportunities/support/
KKday,1,https://www.workday.com/en-us/company/careers/overview.html
Belair Travel,1,https://bebee.com/in/companies/belair-travel-cargo/jobs
eToro,1,https://www.etoro.com/en-us/about/careers/
Lubrizol,1,
Alstef,1,https://www.alsglobal.com/en/careers
Universal Testing & Inspection,1,https://careers.teamues.com/jobs/4269?lang=en-us
Worldwide Clinical Trials,1,https://www.worldwide.com/careers/
Matsuura,1,https://bebee.com/us/jobs/cnc-applications-engineer-5-axis-expert-remote-hybrid-matsuura-machinery-usa-inc-indiana--lensa-7428_cd40b8fdbfaa957bc35b2f781e22bc7a9735dbebcc7dc575337b817cd398a623
Susumu,1,https://www.thedoseum.org/careers
H.I.S.,1,https://hii.com/careers
SIA Partners,1,https://www.sia-partners.com/en/join-us/careers
Mitsubishi Electric,1,https://www.mitsubishicomfort.com/careers
A. Raymond,1,https://www.raymondwest.com/our-company/careers
TI Sparkle,1,https://www.tisparkle.com/work-with-us
Regus,1,
Orange,1,https://jobs.orange.jo/
HP,1,https://careers.hpe.com/us/en/
Mirai,1,http://job-boards.greenhouse.io/MiraiBio
Dymon Asia,1,https://www.dymonasia.com/join-us/
Weinmann,1,https://www.weltman.com/careers
YTB,1,https://www.youtube.com/jobs/
Bentoli,1,https://www.bentoli.com/about/careers/internships/
Vivaldi,1,https://www.vivaldi-group.com/contact-us/careers/
Wärtsilä,1,https://www.wartsila.com/careers
Telair,1,https://www.telair.com.au/careers/
Frisch,1,
Oppenheimer,1,https://www.oppenheimer.com/careers/students-graduates
Cayman Islands Government,1,https://www.careers.gov.ky/application/login/mobile_jobs.aspx
Shelf Drilling,1,https://www.shelfdrilling.com/careers/why-work-for-us/
Kinpo,1,https://www.yotpo.com/careers/
Ninebot,1,
Nanofilm Technologies,1,https://www.nti-nanofilm.com/company/career-jobs/
Biover,1,https://www.bio.org/careers-bio
"Angelo, Gordon",1,http://job-boards.greenhouse.io/tpgcareers
Cheil,1,https://cheil.rs/careers
Hafnia,1,https://hafnia.com/career/
Brown Brothers Harriman,1,
Coty Inc,1,https://careers.coty.com/job/New-York-Junior-Associate%2C-Fragrances-NY-10118/1402084933/
Putzmeister,1,https://migratemate.co/companies-hiring/putzmeister
Medco Energi Internasional,1,https://www.medcoenergi.com/en/career/join-us/
Aisin Seiki,1,
Hellmann Worldwide Logistics,1,https://careers.hellmann.com/en/united-arab-emirates
Meritor,1,
Koyo,1,https://www.htijobs.com/jtekt-jobs/
IHS Markit,1,https://www.uplers.com/company/ihs-markit-7377
ABC Arbitrage,1,
Eltek,1,https://careers.eltekengineering.com.tr/
EEW,1,https://www.ewprocess.com/careers/
JECC,1,
Dan-Bunkering,1,https://dan-bunkering-app.talent-soft.com/
Agramkow,1,https://www.arkema.com/usa/en/careers/
Beijing Gas,1,
Zhejiang Petro-Chemical,1,
Fuyo General Lease,1,https://www.levels.fyi/companies/fuyo-general-lease
Drew Ameroid,1,https://www.drew-marine.com/careers
R.J. O'Brien,1,
International Flavors & Fragrances,1,https://www.jobsinrockcounty.com/job-portal/find-a-job/view/company/id/25/mid/503
Kokuyo,1,https://kokuyo-india.com/careers/
KL E&C,1,https://ecconsultants.recruitee.com/
MBDA,1,https://www.mbdacareers.co.uk/job-search
Amcor,1,https://www.amcor.com/careers
Onyx,1,https://www.onxmaps.com/careers
Cosmoprof,1,https://nowhiring.com/cosmoprof/
Long Range Systems,1,https://www.lrsus.com/careers/
Hershey,1,https://www.hersheyentertainmentandresorts.com/careers/
Dallmeier,1,https://www.dillmeierglass.com/careers
Sinochem,1,
BGC Partners,1,https://bgc-group.com/find-a-job/
Kyriba,1,https://www.kyriba.com/company/careers/
MAHO,1,https://www.mhaoforegon.org/careers
GFH,1,https://tgh.taleo.net/careersection/ex/jobsearch.ftl
PacBio,1,
Wilhelm,1,https://www.wilhelmrisk.com/careers
Embraer,1,https://pilotsglobal.com/jobs/embraer
Firmenich,1,https://jobs.dsm-firmenich.com/careers
Ajinomoto,1,https://www.ajibio-pharma.com/careers/overview/
Sécheron,1,https://www.jobs.ch/en/companies/59117-secheron-sa/
Butler Industries,1,https://butlermachinery.com/careers/
"Major, Lindsey & Africa",1,https://careers.mlaglobal.com/
Omnipresent,1,https://apply.workable.com/omnipresent-group/gdpr_policy?lng=en
Koi The,1,https://www.koisushibar.com/careers/
United Arab Shipping Company,1,https://www.dubaicareerguide.com/companies/united-arab-shipping-company-uasc-careers-and-job-vacancies.htm
JVCKenwood,1,https://www.efjohnson.com/company/careers
Evia Fortis,1,https://www.fortisinc.com/careers
R&M International,1,https://rmhoist.com/about-us/careers
Puratos,1,https://jobs.puratos.com/viewalljobs/
Rawlplug,1,
B.Grimm,1,https://www.jobtopgun.com/en/companies/b-grimm-c18433/jobs
Resona,1,https://www.resonancehealth.com/careers/
Gentari,1,https://www.gentari.com/careers
Houston,1,https://www.governmentjobs.com/careers/houston
Adler Elektrotechnik,1,https://adlervac.com/careers/
JFD,1,https://v1.jfdoverseas.com/en/about-jfd/careers
GSC,1,https://gsctechnology.com/en/careers/
Pershing,1,https://www.bny.com/corporate/global/en/about-us/careers/work-with-us.html
Texchem,1,https://careers.axchemusa.com/
Beijer Ref,1,https://www.beijerref.com.au/about-us/careers/
TimeZone,1,https://www.zoneandco.com/careers
D.S. Brown,1,https://jobs.toledoregion.com/companies/d-s-brown
TechnipFMC,1,
Moritex,1,https://www.ameritexpipe.com/careers/
Alps Alpine,1,https://www.alpsalpine.com/en-ie/careers/
KHS,1,https://www.khs.com/en/career/
Meiji Seika,1,https://www.shionogi.com/us/en/careers.html
Quintus Technologies,1,
Hill & Knowlton,1,http://job-boards.greenhouse.io/hillandknowlton
Clinuvel Pharmaceuticals,1,
Horwath,1,https://horwathhtl.com/role/graduate-consultant/
Therme,1,https://therme.art/careers
Bryan Research & Engineering,1,https://www.simplyhired.com/search?q=bryan+research+%26+engineering&l=bryan%2C+tx
MSA Safety,1,https://www.msa-ps.com/careers/
Qrator Labs,1,https://www.kuppingercole.com/events/beyond-firewalls/partners/1435
Nobinax,1,https://www.novonordisk-us.com/careers/find-a-job.html
Militzer & Muench,1,https://www.mumnet.com/career
CyCraft,1,https://orca.security/about/careers/
Ramky,1,https://careers-greensky.icims.com/jobs/intro
Busch,1,https://www.anheuser-busch.com/careers/our-locations
Wacoal,1,https://www.kao.com/americas/en/careers/
Nippon Jimuki,1,https://nippon-seiki.eu.com/career/
Texas Chicken,1,
Versum Materials,1,https://careers.emdgroup.com/us/en/work-areas
Fluence,1,
BS&B,1,https://www.ctbinc.com/careers/
Swiss Steel,1,https://www.swisssteel-international.ae/career/open-positions
Tongfang,1,https://tongengineering.com/us/careers/
Nukem,1,https://westinghousenuclear.com/careers/
Demcon,1,https://careersatdemcon.com/vacancies
Hydrochem,1,https://www.hpc-industrial.com/careers
Ion Beam Applications,1,https://careers.iba-worldwide.com/
Jiangshan,1,https://wildchina.com/careers/
Sistema,1,https://www.loadingdocksystems.com/careers
Syneos Health,1,
Bellevue,1,https://www.governmentjobs.com/careers/bellevuewa
SBM Offshore,1,https://atlasnextwave.com/careers/working-at-sbm-offshore/
MMG Limited,1,https://www.mmg.com/careers/
Baltimore Aircoil Company,1,https://baltimoreaircoil.com/careers
Nippon Life Insurance,1,https://www.reliancestandardlife.com/careers
Kinto (Toyota),1,https://www.kinto-mobility.co.uk/about-us/careers
Office Navi,1,https://www.nav.com/careers/
Eurodrug,1,https://www.novonordisk-us.com/careers/find-a-job.html
Kirin,1,https://www.kyowakirin.com/careers/index.html
Eptura,1,
Greenwich Associates,1,https://www.greenwich.com/careers/career-opportunities
A&W Restaurants,1,https://www.workstream.us/j/07bb4de8/a-w?locale=en
Berg+Schmidt,1,
Autodeal,1,https://hawaiiautodealer.com/jobs
Procems,1,https://www.cems-ae.com/careers/
Mediapro,1,https://jobs.mediapro.tv/?locale=en_US
Inabata,1,https://www.entrata.com/careers
Moody's,1,https://www.moodybank.com/careers
Qingjian,1,
Samrat Engineering,1,https://www.samsara.com/company/careers/roles
Maha Chemicals,1,https://bebee.com/sg/companies/maha-chemicals-asia-pte-ltd
Mold-Masters,1,https://www.moldmasters.com/careers
Delifrance,1,https://delicedefrance.co.uk/careers
Sans Souci Lighting,1,https://sanssoucilighting.com/career
Droom,1,https://droomdroom.com/careers/
Hazels Mountain Capital,1,http://job-boards.greenhouse.io/starmountaincapital
Daetwyler,1,https://www.daetwyler-usa.com/careers/
Fette,1,https://www.payette.com/careers/
Sagami,1,https://tsugamiamerica.teamtailor.com/jobs
B/E Aerospace,1,https://jobs.baesystems.com/global/en/
Speech Graphics,1,https://jobs.sandscapitalventures.com/companies/speech-graphics
Lepercq de Neuflize,1,
Sociedad Textil Lonia,1,https://careers.lla.com/careers-home
Follow-Me Technology,1,https://www.talktometechnologies.com/pages/careers
TLS Contact,1,https://www.tlscontact.com/en/careers/
Codelco,1,
Samantha Thavasa,1,https://www.jitasagroup.com/about/careers/
Norwegian Cruise Line,1,http://www.ncl.com/no/en/content/corporate-employment-new
SAFE STS,1,https://stscompanies.com/careers/
Yokowo,1,https://www.maukerja.my/en/company/yokowo-electronics-m-sdn-bhd
Rikevita,1,https://www.maukerja.my/en/company/rikevita-m-sdn-bhd
Muto,1,https://dimuto.io/careers/
ODT,1,https://careers.smartrecruiters.com/odtcapital
Castrol,1,https://www.castrol.com/en_us/united-states/home/about-castrol/contact-us.html
Itsuwa,1,https://us.baywa-re.com/en/people/careers
Lintec,1,https://jobs.nextcenturi.com/LinetecServices/go/LINETEC-SERVICES-JOBS/7817700/
Unicity,1,
Mastercard Payment Gateway Services,1,https://www.mastercardpaymentservices.com/common/careers/
PTC (Parametric Technology Corporation),1,https://www.ptcbio.com/careers/
IDG,1,https://www.idc.com/about/careers/
Warrington Fire,1,https://www.cheshirefire.gov.uk/jobs/current-vacancies/
Osaka Gas,1,https://www.osakagasusa.com/careers/
Maison Routin 1883,1,
KROHNE,1,https://www.krohne.com/en/company/career
Sumifru,1,https://bebee.com/ph/companies/sumifru-philippines-corporation/jobs
Operation Mobilisation,1,https://www.hopeinternational.org/take-action/careers
Mizuho Financial Group,1,https://www.mizuhogroup.com/emea/careers
Aquaporin,1,https://www.jobindex.dk/jobsoegning?q=aquaporin&lang=en
Nexia International,1,https://www.nexia-sabt.co.za/careers/
