brand,failed_attempts,last_attempt
Adidas,1,2026-07-18 02:23
AliExpress,1,2026-07-18 02:23
Anglo American,1,2026-07-18 02:23
Apave,1,2026-07-18 02:23
Beca,1,2026-07-18 02:23
Berluti,1,2026-07-18 02:23
Borneo Motors,1,2026-07-18 02:23
Bright Food,1,2026-07-18 02:23
Conergy,1,2026-07-18 02:23
Cyient,1,2026-07-18 02:23
Decathlon,1,2026-07-18 02:23
Desmet,1,2026-07-18 02:23
EOH,1,2026-07-18 02:23
EPRI,1,2026-07-18 02:23
Electronic Arts,1,2026-07-18 02:23
Elmos Semiconductor,1,2026-07-18 02:23
GCL,1,2026-07-18 02:23
Golden Village,1,2026-07-18 02:23
GuotaiQixing,1,2026-07-18 02:23
Harris Hotels,1,2026-07-18 02:23
IIF,1,2026-07-18 02:23
Jetstar,1,2026-07-18 02:23
Just Kliin,1,2026-07-18 02:23
KFIN Technologies,1,2026-07-18 02:23
Linde,1,2026-07-18 02:23
Louis Vuitton,1,2026-07-18 02:23
MIPA,1,2026-07-18 02:23
McKinsey,1,2026-07-18 02:23
Mercer,1,2026-07-18 02:23
Merit Medical Systems,1,2026-07-18 02:23
Merrill Lynch,1,2026-07-18 02:23
Michael Page,1,2026-07-18 02:23
Midea,1,2026-07-18 02:23
Musim Mas,1,2026-07-18 02:23
NTT,1,2026-07-18 02:23
NTT Docomo,1,2026-07-18 02:23
NTTF,1,2026-07-18 02:23
NVC Lighting,1,2026-07-18 02:23
Nagatsuka,1,2026-07-18 02:23
Nestle,1,2026-07-18 02:23
Novatek,1,2026-07-18 02:23
Osotspa,1,2026-07-18 02:23
Panasonic,1,2026-07-18 02:23
Qiagen,1,2026-07-18 02:23
Richardson Electronics,1,2026-07-18 02:23
Right Management,1,2026-07-18 02:23
Sanhua,1,2026-07-18 02:23
Santos,1,2026-07-18 02:23
Singapore Airlines,1,2026-07-18 02:23
Singtel,1,2026-07-18 02:23
Sinokor,1,2026-07-18 02:23
Sinopec,1,2026-07-18 02:23
Solum,1,2026-07-18 02:23
Solutia,1,2026-07-18 02:23
Stewart Murray,1,2026-07-18 02:23
Suntory,1,2026-07-18 02:23
TUV SUD,1,2026-07-18 02:23
Toshiba,1,2026-07-18 02:23
Travel Guard,1,2026-07-18 02:23
Tsui Wah,1,2026-07-18 02:23
UPS,1,2026-07-18 02:23
United Creation,1,2026-07-18 02:23
University of Warwick,1,2026-07-18 02:23
Vice Media,1,2026-07-18 02:23
Wizcraft International,1,2026-07-18 02:23
World Hotels,1,2026-07-18 02:23
